source,competition_id,competition_source_id,season_id,season_name,match_id,team_id,team_source_id,is_home,possessions,ppda,ppda_final_third,high_press_pct,press_regain_time_sec,press_triggers_per_match,build_up_pass_share,gk_short_build_rate,cb_split_width,pivot_involvement_pct,vertical_compactness,line_height_def,line_height_att,transition_speed_sec,width_utilization_pct,cross_rate,central_overload_rate,through_ball_rate,set_piece_xg_share,passing_network_centralization,passing_clustering_coeff,passing_asymmetry,match_outcome
statsbomb,1,43,1,2022,1,1,776,True,54,1.564102564102564,1.1627906976744187,33.94495412844037,71.29508196721312,17,2.476780185758514,33.33333333333333,75.5,16.81367144432194,17.228216053829527,32.71383647798742,49.94205253181695,86.18518518518519,36.22291021671827,0.2222222222222222,3.314814814814815,0.0,0.0,0.5087108013937283,0.398169395112392,-0.05108359133126935,D
statsbomb,1,43,1,2022,1,2,777,False,63,6.622222222222222,7.0476190476190474,14.615384615384617,93.82882882882883,16,6.235011990407674,47.05882352941176,75.42500000000001,11.23499142367067,17.946517560317307,23.087179487179487,41.033697047496794,70.0,36.21103117505996,0.047619047619047616,1.7936507936507937,0.031746031746031744,0.0,0.5421383647798742,0.3811739616604407,-0.02158273381294964,D
statsbomb,1,43,1,2022,2,4,772,False,65,1.2063492063492063,1.3548387096774193,32.58426966292135,75.94017094017094,7,0.4574565416285453,36.84210526315789,73.31250000000001,17.551150895140665,13.47595397058025,40.72222222222223,54.19817619280248,33.01538461538462,27.538883806038427,0.2,5.061538461538461,0.09230769230769231,0.0,0.7229559748427673,0.44360331109236606,0.03385178408051235,L
statsbomb,1,43,1,2022,2,3,778,True,37,8.5875,7.552631578947368,16.157205240174672,125.71084337349397,27,8.300395256916996,30.0,68.375,9.785932721712538,20.252945550217348,20.84811827956989,41.101063829787236,169.51351351351352,27.66798418972332,0.13513513513513514,2.3783783783783785,0.0,0.0,0.5981481481481481,0.4397588633074596,-0.023715415019762844,W
statsbomb,1,43,1,2022,3,6,773,False,58,4.8125,4.4,24.096385542168676,88.18181818181819,2,6.067415730337078,64.70588235294117,75.25,9.803921568627452,18.97877191866955,28.53360215053764,47.51237406920719,57.24528301886792,36.17977528089887,0.1896551724137931,1.9137931034482758,0.06896551724137931,0.0,0.5420673076923077,0.3911404555790614,-0.1146067415730337,W
statsbomb,1,43,1,2022,3,5,786,True,57,2.8615384615384616,2.5,29.78723404255319,107.03252032520325,4,5.3742802303262955,15.384615384615385,69.75,9.18149466192171,10.93325660825662,36.23423423423423,47.16749084249085,54.535714285714285,29.942418426103647,0.2631578947368421,2.1052631578947367,0.03508771929824561,0.0,0.6580392156862745,0.4124285397776848,0.09788867562380038,L
statsbomb,1,43,1,2022,4,1,776,False,61,2.8,2.1904761904761907,32.67326732673268,86.57042253521126,7,2.6573426573426575,37.5,75.5625,11.403073872087258,17.280539627696513,32.15300546448088,49.43354509217739,37.65573770491803,33.98601398601399,0.3114754098360656,2.8524590163934427,0.01639344262295082,0.0,0.6727272727272727,0.3999517810612092,-0.10909090909090909,L
statsbomb,1,43,1,2022,4,7,792,True,50,5.338709677419355,6.035714285714286,22.772277227722775,83.84415584415585,5,10.857142857142858,25.0,74.24999999999997,5.187637969094923,20.5766942298805,28.535539215686274,49.11223344556677,63.22,38.0,0.12,1.68,0.02,0.0,0.47619047619047616,0.36889465376738473,0.022857142857142857,W
statsbomb,1,43,1,2022,5,8,781,True,64,2.6769230769230767,2.0526315789473686,33.33333333333333,115.70192307692308,11,1.132686084142395,58.82352941176471,75.625,11.988795518207283,21.018951371421714,33.219202898550726,54.23815426997244,33.5625,33.17152103559871,0.25,2.15625,0.046875,0.02966236682525797,0.6088888888888889,0.3941383415956605,0.05339805825242718,W
statsbomb,1,43,1,2022,5,5,786,False,47,5.698412698412699,5.393939393939394,19.047619047619047,99.61261261261261,21,5.829596412556054,47.05882352941176,73.43750000000001,13.647851727042964,15.972511323731485,27.960884353741495,43.93339567747298,121.7872340425532,32.511210762331835,0.1702127659574468,2.723404255319149,0.0,0.0,0.472,0.4046705519541419,0.03811659192825112,L
statsbomb,1,43,1,2022,6,9,2722,True,71,4.771929824561403,4.375,24.576271186440678,66.89682539682539,11,8.60759493670886,42.10526315789473,70.5375,8.863198458574182,22.842893934876937,24.942528735632184,47.78542267050912,56.289855072463766,37.9746835443038,0.18309859154929578,1.5774647887323943,0.014084507042253521,0.0033861257035823957,0.6736318407960199,0.39967339490399456,-0.23037974683544304,D
statsbomb,1,43,1,2022,6,5,786,False,59,2.2535211267605635,2.823529411764706,24.369747899159663,90.21186440677967,13,3.544776119402985,28.57142857142857,77.225,12.458800263678313,18.76824199119812,31.65025252525253,50.41849451645065,29.35593220338983,32.276119402985074,0.3220338983050847,2.6610169491525424,0.05084745762711865,0.0,0.5703703703703704,0.42141685667706674,0.011194029850746268,D
statsbomb,1,43,1,2022,7,11,794,False,79,1.9861111111111112,1.9024390243902438,20.863309352517987,63.71875,30,3.8934426229508197,56.25,65.825,10.772833723653395,15.114631884666515,34.50151515151516,49.61614703618167,37.40506329113924,34.83606557377049,0.20253164556962025,1.9113924050632911,0.0379746835443038,0.048093205110253875,0.5511727078891258,0.4011030204068671,0.014344262295081968,W
statsbomb,1,43,1,2022,7,10,799,True,72,4.173076923076923,6.055555555555555,12.4031007751938,57.33793103448276,11,13.664596273291925,20.0,81.67500000000001,9.541511771995044,26.6301925675098,21.76712328767123,48.39731585518103,64.61111111111111,40.37267080745342,0.08333333333333333,1.2361111111111112,0.027777777777777776,0.06823567950753548,0.5487012987012987,0.3749468244501495,-0.12111801242236025,L
statsbomb,1,43,1,2022,8,13,768,False,44,1.6666666666666667,1.5161290322580645,35.13513513513514,97.57777777777778,3,1.1111111111111112,66.66666666666666,65.07500000000002,12.990602542841348,12.849690860215048,36.23655913978495,49.08625,71.79545454545455,29.841269841269842,0.18181818181818182,3.7954545454545454,0.09090909090909091,0.01982797600716316,0.5839080459770115,0.41337590833608895,0.011111111111111112,W
statsbomb,1,43,1,2022,8,12,907,True,29,3.9452054794520546,4.741935483870968,20.588235294117645,165.68235294117648,11,6.267806267806268,0.0,60.75,13.107822410147993,11.924067982456137,29.520833333333336,41.44490131578947,112.96428571428571,31.339031339031337,0.13793103448275862,3.9655172413793105,0.0,0.1506127715379612,0.6251572327044025,0.4128421918974494,0.08547008547008547,L
statsbomb,1,43,1,2022,9,15,780,False,49,2.8846153846153846,3.0,31.32530120481928,85.62105263157895,11,3.877221324717286,42.857142857142854,68.875,12.03223949337939,23.161516853932582,27.541666666666664,50.70318352059925,48.204081632653065,32.794830371567045,0.30612244897959184,3.489795918367347,0.10204081632653061,0.0,0.6131868131868132,0.405771785359082,0.04038772213247173,L
statsbomb,1,43,1,2022,9,14,791,True,54,4.734375,5.285714285714286,21.62162162162162,74.33707865168539,6,7.989690721649484,38.88888888888889,82.9375,6.653809064609451,18.763836888283798,26.43429487179487,45.19813176007867,70.70370370370371,43.29896907216495,0.12962962962962962,1.6851851851851851,0.018518518518518517,0.016958097360696457,0.5439560439560439,0.35971941629982607,0.12886597938144329,W
statsbomb,1,43,1,2022,10,16,770,False,64,1.8211382113821137,1.3043478260869565,38.607594936708864,79.09782608695652,21,2.964959568733154,53.333333333333336,83.75,10.789980732177264,4.625808301354155,39.277272727272724,43.90308102862688,78.96875,34.50134770889488,0.125,1.515625,0.09375,0.046700629747485845,0.5513888888888889,0.3795090084237879,-0.029649595687331536,D
statsbomb,1,43,1,2022,10,4,772,True,50,1.8533333333333333,1.813953488372093,31.451612903225808,77.05504587155963,19,0.7541478129713424,70.27027027027027,76.25,8.306188925081432,11.514058382582437,29.70348837209303,41.21754675467547,74.78,37.254901960784316,0.16,3.66,0.08,0.0,0.6204081632653061,0.38486233381238366,0.12518853695324283,D
statsbomb,1,43,1,2022,11,18,779,False,60,1.5833333333333333,1.16,23.863636363636363,62.05813953488372,9,0.33003300330033003,71.42857142857143,69.62500000000003,15.265401007361486,17.162609051857764,39.15705128205128,56.31966033390904,45.38333333333333,25.962596259625965,0.31666666666666665,3.9833333333333334,0.016666666666666666,0.25471780328995036,0.6705882352941176,0.4466123376577602,-0.10561056105610561,W
statsbomb,1,43,1,2022,11,17,789,True,34,18.6,23.333333333333332,10.476190476190476,197.34177215189874,9,7.71513353115727,35.714285714285715,52.062500000000014,13.101903695408733,17.483948328625235,22.577683615819208,40.06163194444444,201.02941176470588,28.486646884272997,0.08823529411764706,3.5,0.0,0.0,0.5441860465116279,0.4434432881718209,0.0712166172106825,L
statsbomb,1,43,1,2022,12,17,789,False,57,4.56140350877193,5.08,14.814814814814813,108.20338983050847,14,9.94475138121547,15.384615384615385,64.32499999999999,8.615384615384615,25.64582705445048,21.29365079365079,46.93947784810127,53.49122807017544,34.530386740331494,0.05263157894736842,1.8070175438596492,0.017543859649122806,0.688533211311129,0.4967948717948718,0.3975664246768996,0.08839779005524862,D
statsbomb,1,43,1,2022,12,11,794,True,57,3.017543859649123,2.7333333333333334,26.041666666666668,77.18348623853211,8,1.1029411764705883,72.72727272727273,71.42500000000001,12.032085561497325,21.153737310527045,28.46276595744681,49.616503267973854,39.19298245614035,33.455882352941174,0.3684210526315789,2.210526315789474,0.0,0.0,0.5666041275797373,0.39002294523045855,0.016544117647058824,D
statsbomb,1,43,1,2022,13,19,771,True,53,7.256410256410256,9.2,11.009174311926607,88.54444444444445,11,3.5185185185185186,47.368421052631575,79.375,10.986267166042447,20.48925608037515,27.978758169934636,48.468014250309785,54.36538461538461,35.74074074074074,0.33962264150943394,2.5849056603773586,0.03773584905660377,0.0,0.5357142857142857,0.3814930310733188,0.009259259259259259,W
statsbomb,1,43,1,2022,13,1,776,False,47,3.6363636363636362,2.5238095238095237,31.746031746031743,116.08823529411765,9,1.2345679012345678,66.66666666666666,68.3625,14.455569461827283,28.758716782593197,22.742063492063487,51.500780274656684,70.5,34.39153439153439,0.19148936170212766,3.723404255319149,0.0425531914893617,0.0,0.5385338345864662,0.4039470269144477,-0.037037037037037035,L
statsbomb,1,43,1,2022,14,20,3565,True,50,2.9245283018867925,2.870967741935484,16.8141592920354,90.22950819672131,9,6.236559139784946,36.84210526315789,71.43749999999999,10.819411296738265,17.22650940414098,28.45029239766082,45.6768018018018,76.12,32.68817204301075,0.18,2.4,0.0,0.021580070938584245,0.6712564543889845,0.39546299138442054,0.047311827956989246,L
statsbomb,1,43,1,2022,14,21,787,False,65,3.103448275862069,3.9545454545454546,15.873015873015872,86.15929203539822,14,9.003215434083602,33.33333333333333,68.65,6.085918854415275,26.94548428041398,25.897222222222226,52.842706502636204,56.3125,38.90675241157556,0.18461538461538463,1.0307692307692307,0.046153846153846156,0.45886746321099653,0.4943181818181818,0.3644379300192172,-0.022508038585209004,W
statsbomb,1,43,1,2022,15,23,1833,False,62,1.7567567567567568,1.1111111111111112,32.142857142857146,119.61538461538461,9,2.9166666666666665,41.66666666666667,66.77499999999999,7.541696881798404,12.304195804195793,39.5897435897436,51.89393939393939,34.66129032258065,33.75,0.25806451612903225,1.8709677419354838,0.0,0.3077119645217208,0.5818181818181818,0.39249901918459806,0.027083333333333334,L
statsbomb,1,43,1,2022,15,22,782,True,48,7.774193548387097,9.76923076923077,13.253012048192772,88.19791666666667,7,3.7453183520599254,27.77777777777778,75.6875,10.113864701942397,14.525782860979245,22.40238095238095,36.92816381336019,89.89583333333333,29.026217228464418,0.10416666666666667,3.375,0.20833333333333334,0.0,0.5628571428571428,0.4264286412420948,-0.033707865168539325,W
statsbomb,1,43,1,2022,16,6,773,False,49,9.054054054054054,9.473684210526315,14.285714285714285,114.91752577319588,6,1.949317738791423,60.0,75.8,12.112676056338028,24.29925418083901,16.83503401360544,41.13428819444445,117.40425531914893,30.994152046783626,0.10204081632653061,3.061224489795918,0.0,0.0,0.6045045045045045,0.419697583568687,-0.015594541910331383,L
statsbomb,1,43,1,2022,16,8,781,True,69,1.9878048780487805,1.619047619047619,38.46153846153847,69.87378640776699,6,1.340033500837521,62.5,74.94999999999999,14.878892733564014,17.752496821295274,35.95436507936508,53.70686190066036,48.984848484848484,30.82077051926298,0.2608695652173913,2.260869565217391,0.0,0.0,0.6520833333333333,0.4220386207575716,0.17420435510887772,W
statsbomb,1,43,1,2022,17,15,780,True,55,4.690476190476191,5.315789473684211,19.767441860465116,126.1140350877193,7,3.6741214057507987,21.428571428571427,70.90000000000002,13.429394812680115,15.898347701149419,32.8875,48.78584770114942,59.24074074074074,29.233226837060705,0.16363636363636364,3.018181818181818,0.05454545454545454,0.667572844018205,0.4246153846153846,0.423504219900229,0.019169329073482427,W
statsbomb,1,43,1,2022,17,24,783,False,46,3.5569620253164556,4.026315789473684,27.200000000000003,104.15573770491804,6,4.5662100456621,44.44444444444444,61.95,10.521415270018622,17.30270087621177,30.862847222222225,48.165548098433995,119.56521739130434,28.31050228310502,0.2608695652173913,2.891304347826087,0.0,0.0,0.5879781420765028,0.4343383202547134,-0.14383561643835616,L
statsbomb,1,43,1,2022,18,13,768,True,52,1.380281690140845,1.069767441860465,36.633663366336634,93.24074074074075,14,1.6548463356973995,47.368421052631575,70.7625,15.2991452991453,9.086341930520021,39.61217948717948,48.6985214176995,50.84615384615385,28.959810874704488,0.25,4.423076923076923,0.0,0.021571713724216696,0.5927170868347339,0.43120335051627057,0.054373522458628844,W
statsbomb,1,43,1,2022,18,25,797,False,59,5.315068493150685,4.5588235294117645,19.858156028368796,93.17021276595744,16,8.906882591093117,46.666666666666664,81.22499999999998,8.579881656804734,19.157439414213503,24.86723163841808,44.02467105263158,143.3050847457627,39.67611336032389,0.15254237288135594,1.2203389830508475,0.01694915254237288,0.5382443388166138,0.5111607142857143,0.38083960311121745,0.044534412955465584,L
statsbomb,1,43,1,2022,19,26,1839,False,42,3.646153846153846,5.0,12.738853503184714,84.4320987654321,26,4.166666666666666,10.0,67.04999999999998,9.382329945269742,18.676707490482094,26.56007751937984,45.23678500986193,74.88095238095238,32.89473684210527,0.19047619047619047,3.0,0.0,0.0,0.6061224489795919,0.39950135189692026,-0.05482456140350877,D
statsbomb,1,43,1,2022,19,13,768,True,36,2.873015873015873,2.96875,28.155339805825243,105.21348314606742,9,2.9209621993127146,11.11111111111111,57.650000000000006,11.786600496277917,19.340198863636367,28.194444444444443,47.53464330808081,70.61111111111111,34.192439862542955,0.2777777777777778,4.611111111111111,0.0,0.0,0.5794871794871795,0.39294340088813906,-0.012027491408934709,D
statsbomb,1,43,1,2022,20,25,797,False,72,3.6142857142857143,3.3076923076923075,22.36024844720497,103.21232876712328,17,7.988980716253444,23.52941176470588,79.8,9.976798143851507,21.135362917096664,26.602941176470587,47.73830409356725,50.833333333333336,35.26170798898072,0.2638888888888889,1.5555555555555556,0.05555555555555555,0.0,0.5517730496453901,0.3887149233881452,-0.02203856749311295,W
statsbomb,1,43,1,2022,20,12,907,True,73,2.208955223880597,2.3333333333333335,40.0,61.52054794520548,0,3.3989266547406083,35.294117647058826,65.3,12.344057780695996,23.447359507747887,24.550469483568076,47.99782899131596,66.46478873239437,32.91592128801431,0.1780821917808219,2.1780821917808217,0.0684931506849315,0.0,0.5595238095238095,0.4005185956645655,0.014311270125223614,L
statsbomb,1,43,1,2022,21,20,3565,False,71,2.074468085106383,1.588235294117647,26.47058823529412,61.86178861788618,29,6.047516198704104,44.44444444444444,71.13749999999999,13.646877409406322,13.110768759616967,33.98899371069182,47.09976247030879,78.98571428571428,35.42116630669546,0.16901408450704225,1.9014084507042253,0.0,0.0,0.5204326923076923,0.3978365218114682,0.09071274298056156,D
statsbomb,1,43,1,2022,21,27,941,True,40,2.364864864864865,2.9285714285714284,17.037037037037038,144.33018867924528,18,3.260869565217391,45.83333333333333,71.86250000000001,10.480054090601758,14.226273350138975,27.853395061728392,42.07966841186737,89.7,35.14492753623188,0.075,3.65,0.025,0.0,0.5905923344947736,0.39499345759378535,0.05434782608695652,D
statsbomb,1,43,1,2022,22,19,771,False,70,3.6458333333333335,3.0,25.53191489361702,59.6551724137931,7,2.26928895612708,76.92307692307693,65.1375,14.860515021459229,21.10044408326766,30.251736111111114,51.352180194378775,72.68571428571428,30.10590015128593,0.21428571428571427,2.6714285714285713,0.0,0.1345250303206964,0.6028070175438597,0.42169117221854147,0.007564296520423601,L
statsbomb,1,43,1,2022,22,2,777,True,67,6.921568627450981,5.607142857142857,21.818181818181817,90.93693693693693,5,3.8781163434903045,10.0,79.5,10.259067357512954,24.603504080017156,25.301932367149764,49.90543644716692,111.51515151515152,44.04432132963989,0.22388059701492538,1.1940298507462686,0.029850746268656716,0.0,0.6216897856242118,0.3398003430285269,-0.0664819944598338,W
statsbomb,1,43,1,2022,23,23,1833,True,62,0.8952380952380953,0.828125,40.0,76.88785046728972,18,2.3131672597864767,60.0,72.6,17.133757961783438,9.125308136626188,40.03809523809524,49.163403374721426,44.75806451612903,29.181494661921707,0.14516129032258066,2.774193548387097,0.016129032258064516,0.0,0.654945054945055,0.4260717749849995,0.06583629893238434,L
statsbomb,1,43,1,2022,23,28,788,False,54,4.046875,3.15625,16.233766233766232,85.6421052631579,23,6.106870229007633,38.46153846153847,80.78750000000001,8.187672493100276,13.135354411670196,24.797619047619047,37.932973459289244,139.12962962962962,40.458015267175576,0.09259259259259259,1.7222222222222223,0.037037037037037035,0.051758799302515646,0.6149425287356322,0.3669155338110276,-0.2010178117048346,W
statsbomb,1,43,1,2022,24,29,785,False,55,2.1323529411764706,1.8571428571428572,27.102803738317753,79.83898305084746,7,1.8950437317784257,84.61538461538461,74.825,17.14135021097046,15.670031670625495,30.527777777777782,46.19780944840328,68.63636363636364,34.25655976676385,0.18181818181818182,3.036363636363636,0.03636363636363636,0.0,0.6453416149068323,0.39793162406824634,0.15160349854227406,D
statsbomb,1,43,1,2022,24,28,788,True,70,2.8777777777777778,3.0,17.857142857142858,56.08163265306123,20,5.46875,12.5,77.55000000000003,10.036832412523019,14.8756906077348,29.916666666666668,44.79235727440147,106.1029411764706,34.11458333333333,0.04285714285714286,1.2142857142857142,0.0,0.18270002505191277,0.5336134453781513,0.39558380936540305,-0.0859375,D
statsbomb,1,43,1,2022,25,26,1839,False,68,3.323529411764706,2.473684210526316,25.0,79.27049180327869,27,3.2882011605415857,53.333333333333336,65.95,10.951403148528405,25.19788521157949,26.568627450980394,51.76651266255988,47.470588235294116,35.39651837524178,0.16176470588235295,1.7794117647058822,0.04411764705882353,0.06873639784878681,0.5671497584541063,0.3850691414400881,-0.059961315280464215,W
statsbomb,1,43,1,2022,25,25,797,True,56,3.970149253731343,4.057142857142857,20.0,95.68656716417911,21,5.436893203883495,57.89473684210527,79.75,10.812826249067859,25.168845760980595,20.897727272727273,46.06657303370787,58.017857142857146,36.116504854368934,0.25,2.3035714285714284,0.05357142857142857,0.0,0.5898148148148148,0.3874692827877604,0.021359223300970873,L
statsbomb,1,43,1,2022,26,19,771,True,55,3.1956521739130435,2.0714285714285716,31.32530120481928,89.65384615384616,5,1.1795543905635648,28.57142857142857,73.85000000000001,17.29394949976179,21.098847153804037,33.261904761904766,54.3607519157088,47.763636363636365,28.964613368283093,0.45454545454545453,3.890909090909091,0.10909090909090909,0.0,0.6095641646489104,0.4177549089139698,-0.04062909567496723,W
statsbomb,1,43,1,2022,26,7,792,False,57,9.020408163265307,6.857142857142857,22.857142857142858,95.31521739130434,4,4.0,11.76470588235294,67.27500000000002,10.078740157480315,22.89474486791183,18.540178571428573,41.4349234393404,84.73684210526316,33.05263157894737,0.10526315789473684,2.3333333333333335,0.0,0.0,0.5940298507462687,0.39907588616859857,-0.008421052631578947,L
statsbomb,1,43,1,2022,27,9,2722,True,51,3.6133333333333333,4.297297297297297,24.285714285714285,87.4,12,10.51051051051051,10.526315789473683,61.625,12.017640573318634,22.721881790525867,24.259615384615383,46.98149717514125,79.3921568627451,31.23123123123123,0.11764705882352941,1.9215686274509804,0.0196078431372549,0.0,0.554160125588697,0.411652334187146,0.06306306306306306,W
statsbomb,1,43,1,2022,27,8,781,False,61,2.0555555555555554,1.7297297297297298,23.484848484848484,69.31182795698925,20,2.360876897133221,64.28571428571429,73.3,11.522388059701493,21.5702639226818,27.7962962962963,49.3665602189781,66.08196721311475,31.871838111298484,0.29508196721311475,2.80327868852459,0.0,0.05467048132875293,0.5725,0.4132056492353786,-0.12310286677908938,L
statsbomb,1,43,1,2022,28,23,1833,False,67,3.1481481481481484,4.2727272727272725,22.55639097744361,69.82142857142857,14,4.158790170132325,30.76923076923077,73.07500000000002,8.996088657105608,22.19905930400942,25.42241379310345,47.62147309711287,47.850746268656714,32.136105860113425,0.1791044776119403,2.029850746268657,0.05970149253731343,0.04177707923202517,0.5323232323232323,0.40159888383163656,0.015122873345935728,L
statsbomb,1,43,1,2022,28,29,785,True,57,2.5531914893617023,2.087719298245614,29.518072289156628,82.59649122807018,25,3.5502958579881656,50.0,71.60000000000001,6.978367062107467,22.478701230580228,28.227124183006538,50.705825413586766,48.75438596491228,39.447731755424066,0.3684210526315789,1.9649122807017543,0.05263157894736842,0.0,0.5301587301587302,0.36351447746407484,0.14595660749506903,W
statsbomb,1,43,1,2022,29,26,1839,True,58,1.6,1.4705882352941178,32.846715328467155,82.77570093457943,15,2.622950819672131,60.0,65.82499999999999,16.249271986022134,15.78941724836973,33.55028735632184,49.33970460469157,75.71428571428571,29.016393442622952,0.3103448275862069,2.7758620689655173,0.034482758620689655,0.0,0.5882352941176471,0.4216071318027632,-0.02459016393442623,D
statsbomb,1,43,1,2022,29,12,907,False,63,4.60655737704918,5.6,14.84375,86.05785123966942,9,5.643340857787811,26.666666666666668,70.5625,11.202635914332784,21.001488394882738,22.305107526881716,43.306595921764455,62.904761904761905,30.248306997742663,0.1746031746031746,2.3333333333333335,0.0,0.561513494428466,0.5351089588377724,0.42249301525966043,-0.12641083521444696,D
statsbomb,1,43,1,2022,30,22,782,True,43,1.8448275862068966,2.3333333333333335,21.49532710280374,117.66371681415929,12,0.8534850640113799,43.47826086956522,63.0625,20.37411526794742,17.709529052829577,28.29545454545455,46.00498359828413,52.38095238095238,28.165007112375534,0.18604651162790697,5.255813953488372,0.023255813953488372,0.011476745001504652,0.6160256410256411,0.44727815439439855,0.1337126600284495,L
statsbomb,1,43,1,2022,30,28,788,False,43,2.955056179775281,3.054054054054054,21.73913043478261,114.26388888888889,19,5.475504322766571,37.5,72.82499999999999,8.704453441295547,14.47014735772358,28.177083333333332,42.64723069105691,89.16666666666667,33.429394812680115,0.20930232558139536,2.2093023255813953,0.06976744186046512,0.0,0.5158730158730159,0.39979328409783443,-0.04610951008645533,W
statsbomb,1,43,1,2022,31,16,770,True,59,1.515625,1.1666666666666667,53.48837209302325,63.0,8,1.0895883777239708,76.47058823529412,72.14999999999999,11.989342806394317,14.000716874427503,36.69607843137255,50.69679530580005,61.40677966101695,30.508474576271187,0.3220338983050847,4.203389830508475,0.03389830508474576,0.2830543723992173,0.6039215686274509,0.4125878738853591,0.0387409200968523,L
statsbomb,1,43,1,2022,31,3,778,False,36,4.588888888888889,5.666666666666667,20.652173913043477,123.0,30,7.142857142857142,52.94117647058824,71.55,7.537012113055182,15.039677364360916,25.43776371308017,40.477441077441085,108.33333333333333,31.63265306122449,0.1388888888888889,3.0833333333333335,0.08333333333333333,0.0,0.5766666666666667,0.43089150904912443,-0.15306122448979592,W
statsbomb,1,43,1,2022,32,21,787,True,58,4.708333333333333,6.15,14.285714285714285,90.83870967741936,7,4.186046511627907,73.33333333333333,80.72500000000001,7.166947723440136,32.63760864242869,20.648809523809526,53.286418166238214,58.62068965517241,40.46511627906977,0.20689655172413793,1.7758620689655173,0.017241379310344827,0.0,0.6326530612244898,0.3675431912796485,-0.1744186046511628,L
statsbomb,1,43,1,2022,32,27,941,False,42,4.107142857142857,3.8461538461538463,28.846153846153843,110.5137614678899,5,2.0366598778004072,56.25,67.8,11.913912375096078,21.966087553985076,27.763888888888893,49.72997644287397,44.58536585365854,35.234215885947044,0.40476190476190477,2.642857142857143,0.09523809523809523,0.0,0.5479744136460555,0.38373429547380344,-0.04480651731160896,W
statsbomb,1,43,1,2022,33,20,3565,False,42,1.702127659574468,1.1304347826086956,29.1044776119403,98.27,10,4.046242774566474,0.0,72.55000000000001,10.594130279169649,-1.4997239273766638,45.23989898989899,43.740175062522326,85.29268292682927,35.26011560693642,0.16666666666666666,3.1666666666666665,0.07142857142857142,0.6789361604052733,0.5650887573964497,0.3941762472892473,0.046242774566473986,W
statsbomb,1,43,1,2022,33,30,3566,True,38,3.2745098039215685,5.666666666666667,15.151515151515152,108.64583333333333,6,2.564102564102564,37.5,71.84999999999998,14.976958525345621,19.988127825147618,21.60810810810811,41.59623593325573,105.6842105263158,30.555555555555557,0.10526315789473684,3.710526315789474,0.05263157894736842,0.0,0.5701754385964912,0.42537746637135754,0.06623931623931624,L
statsbomb,1,43,1,2022,34,24,783,True,54,6.625,5.84,15.686274509803921,64.35185185185185,7,2.1052631578947367,46.15384615384615,74.625,17.410714285714285,21.699212744148966,27.227941176470587,48.92715392061955,63.77777777777778,27.368421052631582,0.24074074074074073,3.0555555555555554,0.0,0.0,0.5687830687830688,0.43599152206704506,0.01929824561403509,D
statsbomb,1,43,1,2022,34,14,791,False,55,4.095238095238095,2.6744186046511627,36.89320388349515,74.97692307692307,4,6.047516198704104,21.428571428571427,65.2875,11.39937106918239,19.189057632398764,33.70833333333333,52.89739096573209,68.85454545454546,35.20518358531318,0.12727272727272726,1.981818181818182,0.01818181818181818,0.0,0.5115995115995116,0.3943823876521524,-0.18142548596112312,D
statsbomb,1,43,1,2022,35,2,777,True,81,3.43859649122807,3.027027027027027,23.96694214876033,55.48051948051948,16,5.109489051094891,35.714285714285715,83.01250000000002,12.796208530805686,23.368537414965992,25.64404761904762,49.01258503401361,57.39506172839506,35.03649635036496,0.19753086419753085,1.7901234567901234,0.037037037037037035,0.0,0.5821428571428572,0.3884857082546963,0.01824817518248175,L
statsbomb,1,43,1,2022,35,7,792,False,56,3.9692307692307693,3.757575757575758,22.04724409448819,76.09027777777777,13,9.900990099009901,25.0,70.425,9.57345971563981,22.220923316251827,27.494791666666664,49.71571498291849,57.517857142857146,34.900990099009896,0.26785714285714285,1.9285714285714286,0.0,0.0,0.538562091503268,0.3831049311124799,-0.09158415841584158,W
statsbomb,1,43,1,2022,36,18,779,True,39,3.1785714285714284,2.8,22.93577981651376,128.98130841121494,17,3.527336860670194,40.0,66.73750000000001,11.987381703470032,21.047291235334715,27.55753968253968,48.604830917874395,94.05128205128206,34.74426807760141,0.28205128205128205,4.230769230769231,0.0,0.2070323434598107,0.6166666666666667,0.42046652119441286,-0.16049382716049382,W
statsbomb,1,43,1,2022,36,11,794,False,50,3.533333333333333,4.6923076923076925,14.965986394557824,91.56603773584905,19,5.955334987593052,26.666666666666668,69.25,13.681368136813681,21.835005017872636,25.95325203252033,47.788257050392964,65.73469387755102,38.46153846153847,0.22,1.88,0.0,0.2882009980057735,0.5751231527093597,0.3760305879705502,-0.1513647642679901,L
statsbomb,1,43,1,2022,37,9,2722,False,67,3.164705882352941,3.4054054054054053,24.137931034482758,68.55882352941177,20,4.50281425891182,42.857142857142854,70.0,9.936575052854122,23.94826415724939,21.818027210884352,45.76629136813374,59.08955223880597,35.647279549718576,0.208955223880597,2.373134328358209,0.014925373134328358,0.0,0.4369047619047619,0.39650541762743285,-0.03564727954971857,L
statsbomb,1,43,1,2022,37,6,773,True,41,2.8313253012048194,2.2641509433962264,33.56643356643357,114.5050505050505,26,2.3679417122040074,33.33333333333333,79.4625,10.87248322147651,24.656417343917344,24.009469696969692,48.665887040887036,63.925,36.42987249544626,0.3170731707317073,3.6097560975609757,0.1951219512195122,0.0,0.5362318840579711,0.3815522170493335,-0.03278688524590164,W
statsbomb,1,43,1,2022,38,4,772,True,52,1.3559322033898304,0.8108108108108109,40.0,91.85148514851485,5,0.3669724770642202,66.66666666666666,69.275,15.485312899106003,-1.6678774928774942,52.68269230769231,51.01481481481481,39.05769230769231,28.532110091743117,0.25,5.923076923076923,0.057692307692307696,0.286792585581534,0.5854304635761589,0.44156608935480346,0.1798165137614679,W
statsbomb,1,43,1,2022,38,31,795,False,38,9.758620689655173,10.304347826086957,13.422818791946309,114.1951219512195,7,8.4,26.666666666666668,74.625,10.819672131147541,12.342033096926713,27.840000000000003,40.182033096926716,150.10526315789474,32.0,0.13157894736842105,2.1842105263157894,0.05263157894736842,0.0,0.44938271604938274,0.4128199252693918,-0.012,L
statsbomb,1,43,1,2022,39,16,770,False,68,1.0272727272727273,0.8870967741935484,39.285714285714285,65.96428571428571,28,0.6527415143603132,28.57142857142857,65.57499999999999,12.03183520599251,16.129148118170782,43.42857142857143,59.55771954674221,27.602941176470587,22.715404699738905,0.29411764705882354,3.676470588235294,0.11764705882352941,0.0,0.688395061728395,0.46303859260658664,-0.006527415143603133,W
statsbomb,1,43,1,2022,39,31,795,True,63,18.75862068965517,19.4,8.799999999999999,80.61,13,6.951871657754011,29.166666666666668,70.8625,12.091179385530229,24.03095461690791,18.367579908675797,42.398534525583706,96.37096774193549,30.213903743315505,0.15873015873015872,2.015873015873016,0.0,0.0,0.6945273631840796,0.4301028375752566,0.09358288770053476,L
statsbomb,1,43,1,2022,40,32,4885,True,67,2.9859154929577465,2.6136363636363638,26.027397260273972,69.13385826771653,20,4.462474645030426,58.333333333333336,74.0625,9.280575539568344,14.748233562938445,37.146198830409354,51.8944323933478,57.0,34.48275862068966,0.11940298507462686,2.0597014925373136,0.029850746268656716,0.5625786573909338,0.61996336996337,0.38681926450360915,0.018255578093306288,L
statsbomb,1,43,1,2022,40,24,783,False,59,4.543859649122807,4.0606060606060606,19.047619047619047,93.5126050420168,21,5.11727078891258,33.33333333333333,70.25000000000003,9.777424483306836,22.57257808604197,26.39814814814815,48.97072623419012,60.47457627118644,35.18123667377399,0.1864406779661017,2.2033898305084745,0.05084745762711865,0.026228332990039554,0.6552631578947369,0.3875747460696677,-0.031982942430703626,W
statsbomb,1,43,1,2022,41,30,3566,False,60,15.885714285714286,15.2,8.661417322834646,71.85567010309278,14,4.11522633744856,68.75,65.875,12.593144560357675,25.88207215836526,21.141203703703702,47.023275862068964,104.01666666666667,34.77366255144033,0.21666666666666667,2.4166666666666665,0.016666666666666666,0.0,0.6666666666666666,0.3995966289639038,0.012345679012345678,L
statsbomb,1,43,1,2022,41,27,941,True,37,2.5180722891566263,1.8,34.306569343065696,138.56179775280899,19,0.4807692307692308,40.0,67.625,13.980333475844379,17.752939012554386,37.74404761904763,55.49698663160201,52.666666666666664,32.69230769230769,0.1891891891891892,5.945945945945946,0.16216216216216217,0.0,0.5843478260869566,0.4107800209215102,0.13221153846153846,W
statsbomb,1,43,1,2022,42,3,778,True,55,1.045045045045045,0.5483870967741935,35.61643835616438,88.02678571428571,21,1.7770597738287561,88.88888888888889,59.0625,21.626199887069454,16.756203625434395,37.29444444444445,54.05064806987885,46.870370370370374,29.079159935379646,0.18181818181818182,3.581818181818182,0.0,0.2402823939770055,0.7139601139601139,0.4448497055237627,0.11631663974151858,L
statsbomb,1,43,1,2022,42,31,795,False,68,10.0,10.642857142857142,6.832298136645963,67.93877551020408,20,6.808510638297872,27.77777777777778,74.87500000000007,11.547525530243519,18.11831218116213,19.871345029239766,37.989657210401894,98.13235294117646,35.74468085106383,0.04411764705882353,1.911764705882353,0.014705882352941176,0.0,0.5948717948717949,0.41051789084233714,0.13617021276595745,W
statsbomb,1,43,1,2022,43,22,782,False,49,4.027777777777778,6.6923076923076925,18.487394957983195,87.79775280898876,7,3.015873015873016,55.00000000000001,71.82499999999999,13.417431192660551,17.869318591407158,28.30859375,46.17791234140716,54.10204081632653,26.825396825396826,0.3469387755102041,4.0,0.08163265306122448,0.0,0.6101449275362318,0.44286033329005636,0.0380952380952381,D
statsbomb,1,43,1,2022,43,29,785,True,61,2.5686274509803924,2.404255319148936,26.82926829268293,97.80188679245283,25,2.4630541871921183,56.52173913043478,75.1875,8.441558441558442,26.006984622956256,24.095911949685533,50.10289657264179,53.32786885245902,38.587848932676515,0.36065573770491804,2.4098360655737703,0.0,0.0,0.5384615384615384,0.388383779992884,0.1412151067323481,D
statsbomb,1,43,1,2022,44,17,789,True,44,6.326923076923077,7.37037037037037,21.35922330097087,118.625,12,11.275964391691394,34.78260869565217,61.5625,9.07003444316877,24.059517281995042,22.70977011494253,46.76928739693757,78.92857142857143,32.047477744807125,0.25,2.659090909090909,0.022727272727272728,0.0,0.3983739837398374,0.41187416655238307,-0.10979228486646884,W
statsbomb,1,43,1,2022,44,10,799,False,57,2.1470588235294117,2.128205128205128,26.82926829268293,95.48648648648648,16,1.5463917525773196,62.5,73.6625,10.419235511713934,23.402384800315186,30.55982905982906,53.962213860144246,58.14035087719298,39.34707903780069,0.24561403508771928,2.210526315789474,0.017543859649122806,0.43080919417292607,0.5816666666666667,0.3665221208607,0.020618556701030927,L
statsbomb,1,43,1,2022,45,32,4885,False,58,5.5,6.538461538461538,15.714285714285714,71.14772727272727,8,4.578313253012048,57.89473684210527,78.57500000000002,10.588235294117647,15.836988212427112,25.426829268292682,41.263817480719794,65.35714285714286,30.120481927710845,0.1206896551724138,1.7586206896551724,0.017241379310344827,0.0,0.5224867724867724,0.40625965157535515,-0.04578313253012048,L
statsbomb,1,43,1,2022,45,15,780,True,42,1.4623655913978495,0.94,41.81818181818181,143.0842105263158,10,1.954887218045113,37.5,58.45,13.196322336398053,15.706464479229375,34.70454545454546,50.411009933774835,48.285714285714285,28.721804511278194,0.30952380952380953,4.071428571428571,0.09523809523809523,0.3736515531245524,0.5260162601626016,0.43805823167371427,0.15639097744360902,W
statsbomb,1,43,1,2022,46,32,4885,False,51,8.414634146341463,15.0,9.523809523809524,88.74117647058823,13,6.470588235294119,63.63636363636363,69.45,9.533898305084746,28.87138914702486,18.227192982456142,47.098582129481,123.58823529411765,32.05882352941177,0.17647058823529413,2.0784313725490198,0.0196078431372549,0.0,0.575801749271137,0.42160077728019296,0.2235294117647059,W
statsbomb,1,43,1,2022,46,14,791,True,64,1.9350649350649352,2.025,27.77777777777778,60.26315789473684,19,1.6528925619834711,44.44444444444444,83.875,9.692956050571945,23.589714714714713,31.93918918918919,55.5289039039039,37.46875,44.46280991735537,0.4375,1.734375,0.0,0.02543871602366913,0.6067588325652842,0.3455477846590841,-0.14710743801652892,L
statsbomb,1,43,1,2022,47,18,779,True,55,3.4047619047619047,3.125,19.626168224299064,110.35922330097087,21,1.393188854489164,58.333333333333336,70.67500000000001,13.388429752066116,15.927344978721436,30.842013888888886,46.76935886761032,83.8,27.86377708978328,0.36363636363636365,3.2363636363636363,0.21818181818181817,0.3372439908241623,0.5529695024077047,0.43061797842493477,-0.10526315789473684,L
statsbomb,1,43,1,2022,47,10,799,False,70,2.7613636363636362,3.909090909090909,17.02127659574468,66.53982300884955,25,8.741258741258742,18.181818181818183,64.32499999999999,10.240202275600506,28.17803336023674,23.433862433862437,51.611895794099176,112.11764705882354,35.66433566433567,0.07142857142857142,1.1857142857142857,0.0,0.0,0.5649122807017544,0.40690876432137957,-0.1888111888111888,W
statsbomb,1,43,1,2022,48,30,3566,True,51,4.557377049180328,4.194444444444445,22.14765100671141,135.5,15,5.0884955752212395,66.66666666666666,69.19999999999999,16.05723370429253,17.739589867310006,25.55333333333333,43.29292320064334,76.90196078431373,32.07964601769911,0.2549019607843137,2.6862745098039214,0.0196078431372549,0.0,0.5669642857142857,0.4066849254853855,-0.09070796460176991,L
statsbomb,1,43,1,2022,48,21,787,False,56,1.7906976744186047,1.375,32.846715328467155,73.12,9,4.387568555758683,46.666666666666664,77.7,10.076530612244898,20.230298070723602,30.160256410256405,50.39055448098001,46.357142857142854,39.30530164533821,0.21428571428571427,2.125,0.0,0.0,0.6050632911392405,0.36627287147583265,0.04753199268738574,W
statsbomb,1,43,1,2022,49,26,1839,False,82,2.3492063492063493,2.34375,30.097087378640776,74.64335664335664,10,2.103559870550162,44.44444444444444,63.625,15.278575531303847,16.26355428677529,36.18604651162791,52.449600798403196,34.19753086419753,28.964401294498384,0.21951219512195122,2.524390243902439,0.024390243902439025,0.0,0.5875968992248062,0.437179585738126,0.061488673139158574,L
statsbomb,1,43,1,2022,49,27,941,True,43,6.1923076923076925,6.777777777777778,15.942028985507244,99.6694214876033,9,5.0113895216400905,42.10526315789473,70.1125,9.281961471103326,20.335611957229826,22.224780701754387,42.56039265898421,90.62790697674419,32.80182232346242,0.20930232558139536,2.953488372093023,0.046511627906976744,0.0,0.4181547619047619,0.4259049152072204,-0.15945330296127563,W
statsbomb,1,43,1,2022,50,13,768,True,52,2.1884057971014492,2.433333333333333,24.210526315789473,139.31428571428572,6,3.993610223642172,33.33333333333333,74.05000000000001,11.87953151143335,16.42810281566562,29.009920634920643,45.438023450586265,55.48,37.85942492012779,0.23076923076923078,3.1538461538461537,0.0,0.0,0.597752808988764,0.37690706151969156,-0.020766773162939296,W
statsbomb,1,43,1,2022,50,21,787,False,45,3.0384615384615383,3.3142857142857145,22.62773722627737,90.95652173913044,17,4.166666666666666,46.666666666666664,77.5,11.786372007366483,15.025563380281689,29.235,44.26056338028169,92.27272727272727,35.53921568627451,0.17777777777777778,2.2222222222222223,0.0,0.05567613881105986,0.5534591194968553,0.38323491447388747,0.041666666666666664,L
statsbomb,1,43,1,2022,51,18,779,True,63,1.4651162790697674,1.1636363636363636,39.37007874015748,82.70873786407768,16,1.9230769230769231,71.42857142857143,82.52500000000002,14.514608859566447,15.626753200164494,31.354938271604944,46.98169147176944,52.44444444444444,29.67032967032967,0.07936507936507936,3.365079365079365,0.1111111111111111,0.0,0.5813333333333334,0.4228177546305345,-0.013736263736263736,W
statsbomb,1,43,1,2022,51,7,792,False,51,2.6842105263157894,2.3684210526315788,23.14814814814815,116.48672566371681,40,3.765690376569038,48.0,74.76249999999999,7.199367088607595,3.9702652378781025,33.56976744186046,37.540032679738566,144.86274509803923,35.146443514644346,0.1568627450980392,2.549019607843137,0.0,0.0,0.6178403755868545,0.3842505697587062,-0.01882845188284519,L
statsbomb,1,43,1,2022,52,19,771,True,53,3.732142857142857,3.1,20.51282051282051,96.42857142857143,12,3.541315345699832,44.44444444444444,75.50000000000001,8.677184466019417,27.940994419076603,25.2462962962963,53.1872907153729,49.15686274509804,36.76222596964587,0.2830188679245283,2.2830188679245285,0.018867924528301886,0.007770444958042919,0.48313492063492064,0.36505768718293197,0.05733558178752108,W
statsbomb,1,43,1,2022,52,17,789,False,53,4.865671641791045,4.605263157894737,30.833333333333336,78.18085106382979,13,4.098360655737705,27.27272727272727,58.525000000000006,17.691154422788603,24.00343217680837,24.15398550724638,48.15741768405475,84.05660377358491,28.688524590163933,0.2830188679245283,2.811320754716981,0.0,0.518436398450661,0.6270270270270271,0.428457973658918,0.010245901639344262,L
statsbomb,1,43,1,2022,53,3,778,True,91,6.230769230769231,4.921052631578948,22.55639097744361,68.81935483870967,11,6.357388316151202,28.57142857142857,72.6,10.1749837977965,24.50603374462946,24.293604651162784,48.79963839579224,61.417582417582416,36.25429553264605,0.1978021978021978,1.9230769230769231,0.0,0.7456619854176944,0.5493333333333333,0.395480775152111,-0.1013745704467354,D
statsbomb,1,43,1,2022,53,29,785,False,72,3.3625,2.6,31.333333333333336,78.31410256410257,13,2.763819095477387,29.411764705882355,61.375,15.37731371618415,21.702777846342865,28.677203065134105,50.37998091147697,60.666666666666664,30.778894472361806,0.3333333333333333,3.263888888888889,0.027777777777777776,0.7857792497576593,0.6827290076335878,0.41541859712469875,-0.00628140703517588,D
statsbomb,1,43,1,2022,54,4,772,False,59,0.8771929824561403,0.647887323943662,44.73684210526316,122.76258992805755,21,0.18726591760299627,64.70588235294117,69.5625,20.11397921555481,15.572350889702477,39.55630630630631,55.12865719600879,55.25423728813559,25.842696629213485,0.3559322033898305,5.576271186440678,0.1016949152542373,0.8260437709093904,0.759090909090909,0.44914136356623824,0.013108614232209739,D
statsbomb,1,43,1,2022,54,28,788,True,69,14.5625,9.481481481481481,13.559322033898304,112.40458015267176,13,9.863013698630137,20.0,77.025,8.901098901098901,22.06514423597135,18.207762557077626,40.272906793048975,78.95652173913044,36.43835616438356,0.10144927536231885,1.434782608695652,0.028985507246376812,0.8573535008732321,0.6160493827160494,0.38924505733275216,-0.14246575342465753,D
statsbomb,1,43,1,2022,55,8,781,True,50,5.12962962962963,4.870967741935484,24.271844660194176,95.23333333333333,16,1.5600624024960998,75.0,73.975,11.379879054425508,12.952661064425769,34.52696078431373,47.4796218487395,73.66,28.861154446177846,0.22,3.3,0.04,0.25348382345014603,0.5697674418604651,0.42361555693246955,0.09828393135725429,W
statsbomb,1,43,1,2022,55,14,791,False,60,2.893617021276596,2.843137254901961,26.285714285714285,76.42528735632185,38,1.981981981981982,54.54545454545454,66.25,10.624597553122987,19.991894382997174,30.214080459770116,50.20597484276729,78.83050847457628,31.71171171171171,0.15,2.45,0.016666666666666666,0.0,0.46153846153846156,0.4149888329410847,-0.1063063063063063,L
statsbomb,1,43,1,2022,56,6,773,False,38,2.371794871794872,2.175,30.18867924528302,100.86170212765957,8,2.840909090909091,57.14285714285714,72.67500000000001,10.382513661202186,22.919948348027425,24.021929824561404,46.94187817258883,67.47222222222223,38.446969696969695,0.15789473684210525,4.342105263157895,0.05263157894736842,0.018784175653702734,0.5844748858447488,0.3866342411445688,0.015151515151515152,L
statsbomb,1,43,1,2022,56,15,780,True,43,2.27,2.1346153846153846,28.488372093023255,89.41935483870968,25,4.713114754098361,35.294117647058826,73.625,10.820895522388058,22.622068880753606,21.78100775193798,44.40307663269159,67.79069767441861,30.327868852459016,0.20930232558139536,3.1627906976744184,0.18604651162790697,0.012604069988430175,0.5152542372881356,0.4195855291647309,-0.08196721311475409,W
statsbomb,1,43,1,2022,57,18,779,False,58,2.8842105263157896,3.081081081081081,18.421052631578945,114.84210526315789,22,4.84375,35.294117647058826,60.8,18.056322473771395,22.77801804941675,27.051886792452834,49.829904841869585,63.0,30.9375,0.10344827586206896,3.8275862068965516,0.034482758620689655,0.8156616268774577,0.6027298850574713,0.4463337101427822,-0.234375,D
statsbomb,1,43,1,2022,57,27,941,True,73,2.5478260869565217,2.7169811320754715,18.98148148148148,72.15748031496064,42,3.039073806078148,29.166666666666668,65.925,16.94736842105263,17.073153211311112,28.497354497354497,45.57050770866561,74.79452054794521,29.81186685962373,0.1917808219178082,3.136986301369863,0.0410958904109589,0.890937583798533,0.5765957446808511,0.4303660158034135,0.056439942112879886,D
statsbomb,1,43,1,2022,58,13,768,True,51,3.375,3.323529411764706,26.785714285714285,86.85263157894737,14,1.8050541516245486,50.0,71.9375,14.37908496732026,17.545769303737433,31.675595238095237,49.22136454183267,58.666666666666664,35.018050541516246,0.27450980392156865,3.2549019607843137,0.0,0.7235208524195876,0.6283400809716599,0.3991991529651433,0.0776173285198556,L
statsbomb,1,43,1,2022,58,19,771,False,41,4.673076923076923,6.25,15.254237288135593,99.65591397849462,13,5.582524271844661,0.0,82.08750000000002,12.51125112511251,34.906165018169574,15.879385964912279,50.785550983081855,53.775,35.43689320388349,0.21951219512195122,2.731707317073171,0.0,0.0,0.25918367346938775,0.39270388147794544,-0.03640776699029126,W
statsbomb,1,43,1,2022,59,8,781,False,65,2.955357142857143,2.283333333333333,29.268292682926827,81.83471074380165,20,1.7402945113788488,64.70588235294117,69.2375,13.298872180451127,22.19188540180694,29.82166666666667,52.01355206847361,51.43076923076923,25.83668005354752,0.23076923076923078,3.246153846153846,0.06153846153846154,0.6400174752936255,0.6097859327217126,0.44439983744934675,0.01740294511378849,D
statsbomb,1,43,1,2022,59,29,785,True,62,7.0,5.9411764705882355,15.2317880794702,100.83653846153847,9,2.1709633649932156,69.6969696969697,75.125,12.932259592610137,29.68272971160295,17.25952380952381,46.94225352112676,71.37096774193549,34.05698778833107,0.24193548387096775,2.8548387096774195,0.016129032258064516,0.8319863322410935,0.6214896214896215,0.4052418643504594,-0.13975576662143827,D
statsbomb,1,43,1,2022,60,15,780,False,49,0.647887323943662,0.5106382978723404,51.89873417721519,95.57462686567165,6,0.5471956224350205,66.66666666666666,65.6875,21.831683168316832,6.239584350089466,47.22777777777778,53.46736212786725,33.673469387755105,26.67578659370725,0.40816326530612246,4.775510204081633,0.0,0.0,0.5980769230769231,0.43792203652954376,0.06566347469220246,L
statsbomb,1,43,1,2022,60,28,788,True,65,9.159090909090908,9.444444444444445,9.202453987730062,54.13186813186813,27,11.646586345381527,35.714285714285715,83.18749999999999,6.18705035971223,11.570056980056975,22.326666666666668,33.89672364672364,187.3125,37.34939759036144,0.06153846153846154,1.0307692307692307,0.015384615384615385,0.0,0.5483193277310925,0.3887712682371781,-0.20481927710843373,W
statsbomb,1,43,1,2022,61,18,779,True,48,3.689655172413793,3.2954545454545454,19.791666666666664,84.98809523809524,36,5.787037037037037,42.857142857142854,78.8375,15.867768595041323,26.188988095238095,22.666666666666664,48.85565476190476,57.291666666666664,32.407407407407405,0.08333333333333333,2.7083333333333335,0.10416666666666667,0.42025071603105474,0.45390070921985815,0.41131513501567607,-0.041666666666666664,W
statsbomb,1,43,1,2022,61,29,785,False,62,5.394736842105263,4.666666666666667,16.3265306122449,67.87378640776699,9,1.6975308641975309,50.0,72.19999999999999,11.437733832175308,3.8816460291046724,44.815104166666664,48.69675019577134,47.693548387096776,33.33333333333333,0.1935483870967742,2.7096774193548385,0.016129032258064516,0.01834216122591959,0.5812734082397004,0.4069468306224835,0.09259259259259259,L
statsbomb,1,43,1,2022,62,19,771,True,62,3.25,3.4571428571428573,16.315789473684212,59.75903614457831,29,5.426356589147287,7.142857142857142,86.9375,14.863593603010347,23.43254731928246,22.4590395480226,45.89158686730506,75.01612903225806,28.42377260981912,0.04838709677419355,1.403225806451613,0.0,0.0,0.5074404761904762,0.4099915031187529,-0.05426356589147287,W
statsbomb,1,43,1,2022,62,28,788,False,57,2.318840579710145,1.7857142857142858,21.1864406779661,84.02752293577981,13,0.8130081300813009,54.54545454545454,59.80000000000001,13.475997686524002,12.038815376964827,36.0216049382716,48.06042031523643,55.160714285714285,29.756097560975608,0.2631578947368421,2.8421052631578947,0.05263157894736842,0.0,0.6350877192982456,0.4188679544222379,-0.13008130081300814,L
statsbomb,1,43,1,2022,63,29,785,True,48,3.014925373134328,2.7027027027027026,30.08849557522124,86.05050505050505,11,4.166666666666666,45.0,63.74999999999999,13.717421124828533,15.404079861111104,29.98541666666667,45.38949652777777,71.57446808510639,28.78787878787879,0.25,2.8125,0.020833333333333332,0.0,0.5280665280665281,0.4236367412419223,0.09659090909090909,W
statsbomb,1,43,1,2022,63,28,788,False,60,2.392405063291139,2.375,22.916666666666664,89.85416666666667,14,2.1484375,58.333333333333336,71.65,7.814661134163209,13.178672851896462,31.20567375886525,44.38434661076171,92.73333333333333,37.109375,0.21666666666666667,1.8833333333333333,0.0,0.0,0.5990867579908675,0.3839322982337784,-0.134765625,L
statsbomb,1,43,1,2022,64,19,771,False,71,2.6486486486486487,3.1346153846153846,23.195876288659793,97.125,30,5.263157894736842,23.809523809523807,73.1,15.459882583170254,22.561621966794384,26.785919540229884,49.34754150702427,61.15492957746479,34.91228070175438,0.1267605633802817,2.183098591549296,0.0,0.8694899555219152,0.5461956521739131,0.39948061097203014,0.11228070175438597,D
statsbomb,1,43,1,2022,64,18,779,True,72,2.8850574712643677,2.6315789473684212,18.562874251497004,95.04,26,4.184704184704184,42.857142857142854,66.175,11.620469083155651,17.806255508413773,31.502564102564104,49.30881961097788,69.34722222222223,30.303030303030305,0.2361111111111111,2.6944444444444446,0.06944444444444445,0.6648500687504866,0.6017287234042553,0.4139351477769486,-0.015873015873015872,D
statsbomb,1,43,2,2018,65,33,796,True,56,2.2110091743119265,1.9791666666666667,24.489795918367346,66.39516129032258,16,7.989690721649484,0.0,62.25,10.176125244618394,18.21801215058649,36.12068965517241,54.3387018057589,35.964285714285715,42.78350515463917,0.14285714285714285,1.7321428571428572,0.0,0.05809491672486615,0.46781789638932497,0.35814335127627184,-0.05412371134020619,W
statsbomb,1,43,2,2018,65,10,799,False,56,3.759259259259259,5.55,15.702479338842975,76.72519083969466,18,5.244755244755245,21.428571428571427,75.12500000000003,11.311053984575835,23.146528452650895,22.685185185185187,45.83171363783608,64.96363636363637,44.230769230769226,0.10714285714285714,2.3392857142857144,0.0,0.0,0.5269230769230769,0.3343791251821342,-0.006993006993006993,L
statsbomb,1,43,2,2018,66,34,775,False,53,2.759493670886076,3.5,17.763157894736842,99.25217391304348,28,6.11764705882353,22.22222222222222,60.0,17.540842648323302,21.636081606898735,25.65315315315315,47.28923476005188,55.735849056603776,22.58823529411765,0.18867924528301888,2.641509433962264,0.0,0.0,0.5625,0.4699471656389277,-0.17176470588235293,L
statsbomb,1,43,2,2018,66,29,785,True,48,1.613861386138614,1.5116279069767442,23.75,106.05982905982906,32,4.970178926441352,35.714285714285715,74.75,13.00639658848614,23.715330444203683,24.41666666666666,48.131997110870344,43.083333333333336,34.1948310139165,0.3333333333333333,2.9375,0.020833333333333332,0.46238738744028873,0.5161649944258639,0.40868287791678204,0.015904572564612324,W
statsbomb,1,43,2,2018,67,19,771,True,57,1.4421052631578948,1.1764705882352942,32.35294117647059,89.09482758620689,14,1.2750455373406193,14.285714285714285,74.5,11.45966709346991,24.61054929266136,28.53448275862069,53.14503205128205,42.75438596491228,42.62295081967213,0.17543859649122806,2.0350877192982457,0.017543859649122806,0.540158472236273,0.49841938883034775,0.3459369152191303,0.04371584699453552,W
statsbomb,1,43,2,2018,67,7,792,False,63,5.88,5.1923076923076925,15.929203539823009,75.33636363636364,7,5.63063063063063,9.090909090909092,69.25,11.614497528830313,20.355173133083014,20.450000000000003,40.80517313308302,113.11111111111111,36.93693693693694,0.12698412698412698,1.9682539682539681,0.0,0.7994644561582274,0.6275303643724697,0.3888087072517148,0.11261261261261261,L
statsbomb,1,43,2,2018,68,18,779,True,57,2.1739130434782608,1.457142857142857,33.33333333333333,79.58928571428571,14,1.256281407035176,55.55555555555556,57.25,14.223385689354275,31.989181388986204,26.987179487179482,58.976360876165685,23.719298245614034,21.105527638190953,0.2982456140350877,4.859649122807017,0.0,0.404894289163944,0.6517094017094017,0.48177691505883624,0.06658291457286432,D
statsbomb,1,43,2,2018,68,35,793,False,61,14.88888888888889,17.58823529411765,5.681818181818182,77.96875,14,14.285714285714285,16.666666666666664,53.875,10.1010101010101,27.56785484464055,19.66216216216216,47.23001700680271,77.11475409836065,26.785714285714285,0.09836065573770492,1.360655737704918,0.01639344262295082,0.0,0.4827586206896552,0.4633725218661676,0.20535714285714285,D
statsbomb,1,43,2,2018,69,1,776,False,45,2.8117647058823527,3.65,19.411764705882355,96.33333333333333,26,8.208955223880597,10.0,62.25,15.724381625441698,18.85624624100266,32.89855072463767,51.75479696564033,43.86666666666667,29.601990049751244,0.2,3.022222222222222,0.0,0.06781232573331436,0.47058823529411764,0.42936618659435066,-0.08208955223880597,W
statsbomb,1,43,2,2018,69,36,784,True,52,3.5849056603773586,5.409090909090909,14.87603305785124,91.54,15,5.517241379310345,16.666666666666664,84.25000000000009,7.648494711147275,32.85285636349466,22.092198581560282,54.94505494505494,62.76923076923077,39.08045977011494,0.28846153846153844,2.1153846153846154,0.0,0.40672179702499456,0.6307692307692307,0.37157304793620216,0.1310344827586207,L
statsbomb,1,43,2,2018,70,6,773,False,53,2.2636363636363637,2.7142857142857144,17.669172932330827,82.71028037383178,65,3.9301310043668125,23.52941176470588,65.625,14.017991004497752,29.202797977428514,20.330459770114945,49.53325774754346,62.056603773584904,29.475982532751093,0.1509433962264151,2.9245283018867925,0.0,0.0,0.5301932367149759,0.41992475990809774,-0.017467248908296942,D
statsbomb,1,43,2,2018,70,8,781,True,76,2.0,1.9215686274509804,19.65811965811966,55.09803921568628,74,1.2612612612612613,35.714285714285715,76.25,11.269276393831554,21.366462346760073,28.08333333333333,49.4497956800934,58.067567567567565,31.71171171171171,0.14473684210526316,1.7763157894736843,0.013157894736842105,0.021417539346343592,0.5862068965517241,0.4087613783057866,0.17297297297297298,D
statsbomb,1,43,2,2018,71,16,770,True,56,1.6363636363636365,1.6521739130434783,25.454545454545453,62.31683168316832,33,1.4539579967689822,50.0,60.875,7.881498043599776,25.343275441211404,36.570512820512825,61.91378826172423,50.285714285714285,33.60258481421648,0.48214285714285715,2.5535714285714284,0.0,0.027617829989909252,0.5419187554019015,0.4184645660830071,-0.32794830371567046,L
statsbomb,1,43,2,2018,71,11,794,False,53,6.857142857142857,8.90625,7.4074074074074066,80.84269662921348,113,9.5679012345679,15.384615384615385,74.00000000000003,11.618257261410788,31.67173586296863,15.671296296296296,47.34303215926493,50.45283018867924,34.876543209876544,0.07547169811320754,1.8679245283018868,0.05660377358490566,0.08564330215565602,0.5784615384615385,0.4179391910322756,0.2191358024691358,W
statsbomb,1,43,2,2018,72,5,786,False,47,4.921568627450981,5.571428571428571,12.698412698412698,106.8141592920354,8,4.555808656036446,0.0,64.75,11.794439764111205,32.773631840796014,19.305555555555557,52.07918739635157,56.851063829787236,34.39635535307517,0.2978723404255319,2.595744680851064,0.0,0.004757539628976382,0.5233291298865069,0.4048198933277315,-0.15261958997722094,W
statsbomb,1,43,2,2018,72,31,795,True,58,4.54,3.88,18.556701030927837,72.54545454545455,7,5.197505197505198,30.0,71.25,13.36405529953917,22.44207501512402,29.276315789473685,51.7183908045977,67.12068965517241,32.432432432432435,0.1896551724137931,2.7586206896551726,0.0,0.0,0.4498044328552803,0.4132370197415889,0.06860706860706861,L
statsbomb,1,43,2,2018,73,22,782,True,50,1.8282828282828283,1.5357142857142858,22.916666666666664,82.875,64,1.9672131147540985,40.0,58.75,16.199551569506728,13.531938710240155,37.959770114942536,51.49170882518269,36.38775510204081,26.885245901639344,0.32,4.32,0.12,0.1347847095291633,0.63003663003663,0.4455459505829019,-0.18688524590163935,W
statsbomb,1,43,2,2018,73,37,798,False,56,4.0625,3.9722222222222223,13.924050632911392,71.72,64,9.065934065934066,21.428571428571427,76.875,9.702209414024976,24.357598562978108,24.78723404255319,49.1448326055313,90.17857142857143,39.010989010989015,0.16071428571428573,1.8214285714285714,0.017857142857142856,0.014878890066566673,0.4935897435897436,0.37707042673001834,-0.04395604395604396,L
statsbomb,1,43,2,2018,74,13,768,False,50,0.803030303030303,0.4158415841584158,50.53191489361703,103.59803921568627,64,2.280701754385965,18.181818181818183,73.125,10.599636583888552,12.870879120879124,40.357142857142854,53.22802197802198,38.375,35.96491228070175,0.28,2.92,0.0,0.044123985323008715,0.4895833333333333,0.38653142290816056,0.04736842105263158,W
statsbomb,1,43,2,2018,74,2,777,True,47,2.7941176470588234,4.222222222222222,12.452830188679245,110.54838709677419,79,7.336956521739131,39.285714285714285,88.0,6.546489563567362,10.683635305454583,28.02721088435374,38.71084618980832,172.82608695652175,43.75,0.06382978723404255,1.872340425531915,0.02127659574468085,0.8285278261181436,0.40185185185185185,0.3407472153297445,-0.13043478260869565,L
statsbomb,1,43,2,2018,75,38,790,True,48,3.3684210526315788,3.28125,21.73913043478261,79.0,8,2.0964360587002098,40.0,77.0,22.005988023952096,30.74215663031453,21.97368421052631,52.71584084084084,52.520833333333336,29.769392033542978,0.2708333333333333,3.0416666666666665,0.0,0.3888097321568113,0.6003996003996004,0.4190311289629749,0.016771488469601678,W
statsbomb,1,43,2,2018,75,14,791,False,48,4.048387096774194,4.62962962962963,11.486486486486488,90.96190476190476,19,6.020942408376963,18.181818181818183,78.5,10.600375234521577,32.215550490883594,17.8125,50.028050490883594,75.55319148936171,38.481675392670155,0.2708333333333333,2.0208333333333335,0.0,0.0,0.46474358974358976,0.37996355041933927,-0.11518324607329843,L
statsbomb,1,43,2,2018,76,21,787,False,63,2.6145833333333335,2.3043478260869565,16.7420814479638,92.99090909090908,56,7.853403141361256,16.666666666666664,89.625,10.377358490566039,21.703717026378897,28.483333333333334,50.18705035971223,42.306451612903224,42.40837696335078,0.19047619047619047,1.492063492063492,0.0,0.00679918678459667,0.5007541478129713,0.34889760541436443,0.0968586387434555,W
statsbomb,1,43,2,2018,76,17,789,True,45,2.4805194805194803,2.4634146341463414,25.0,82.39166666666667,25,1.7094017094017095,20.0,63.875,17.575015309246787,22.571365167745977,25.18817204301075,47.759537210756726,64.61363636363636,27.00854700854701,0.17777777777777778,3.7333333333333334,0.1111111111111111,0.06783334336093143,0.6442307692307693,0.4313492817579335,0.10427350427350428,L
statsbomb,1,43,2,2018,77,39,774,False,65,3.453333333333333,4.694444444444445,20.73170731707317,99.5034965034965,21,4.958677685950414,14.285714285714285,81.625,12.055641421947449,24.727095516569197,27.86549707602339,52.59259259259259,42.25,35.9504132231405,0.2153846153846154,2.0923076923076924,0.0,0.46155615623886903,0.5525460455037919,0.38776830155196185,0.0371900826446281,L
statsbomb,1,43,2,2018,77,33,796,True,58,3.8550724637681157,3.611111111111111,16.847826086956523,69.11920529801324,35,6.423982869379015,0.0,74.00000000000001,9.450726978998384,33.83700080552717,21.383647798742135,55.2206486042693,59.96551724137931,41.97002141327623,0.4482758620689655,1.6379310344827587,0.0,0.0,0.4975186104218362,0.3471004447714532,-0.03640256959314775,W
statsbomb,1,43,2,2018,78,40,769,True,55,5.950819672131147,6.826086956521739,8.870967741935484,96.4375,59,6.6350710900473935,33.33333333333333,82.5,10.375816993464053,25.017932155028934,22.44623655913978,47.464168714168714,65.7090909090909,38.15165876777251,0.14545454545454545,1.9272727272727272,0.0,0.013201856007454429,0.6064659977703456,0.37414105358291583,0.06872037914691943,L
statsbomb,1,43,2,2018,78,3,778,False,49,1.9361702127659575,2.5277777777777777,19.767441860465116,86.38235294117646,32,2.380952380952381,42.857142857142854,65.625,21.787093215664644,21.448300438596483,32.53333333333333,53.981633771929815,47.91836734693877,30.0,0.24489795918367346,4.408163265306122,0.0,0.33761743937524086,0.5558312655086849,0.428142221253194,-0.05873015873015873,W
statsbomb,1,43,2,2018,79,15,780,True,56,4.575757575757576,5.419354838709677,21.311475409836063,84.99173553719008,15,6.045340050377834,25.0,70.25,16.135265700483092,21.972494773569924,24.70149253731343,46.673987310883355,75.25,36.02015113350126,0.10714285714285714,2.1964285714285716,0.0,0.20787637486473334,0.4407051282051282,0.3879236387407903,-0.03526448362720403,W
statsbomb,1,43,2,2018,79,28,788,False,75,1.9610389610389611,2.689655172413793,17.5,62.88513513513514,18,3.6608863198458574,28.57142857142857,87.75,9.655172413793103,24.051128439203758,31.628787878787875,55.67991631799163,44.38356164383562,43.15992292870906,0.32,1.5466666666666666,0.0,0.029256435936795642,0.4432234432234432,0.34384823219893246,-0.0674373795761079,L
statsbomb,1,43,2,2018,80,4,772,False,56,0.9680851063829787,0.7777777777777778,39.568345323741006,74.17647058823529,32,0.857843137254902,62.5,73.0,10.864933958244567,27.136735572782076,31.541666666666668,58.678402239448744,59.388888888888886,31.985294117647058,0.375,3.9285714285714284,0.05357142857142857,0.05985371475511112,0.5214431586113002,0.409771698660261,0.0428921568627451,W
statsbomb,1,43,2,2018,80,25,797,True,61,9.719298245614034,15.19047619047619,7.450980392156863,79.00925925925925,59,12.213740458015266,31.57894736842105,84.625,9.370424597364568,22.873196602751914,18.870056497175145,41.74325309992706,98.63934426229508,38.54961832061068,0.16393442622950818,1.2622950819672132,0.0,0.0,0.44711538461538464,0.37095117556910984,0.011450381679389313,L
statsbomb,1,43,2,2018,81,24,783,True,54,3.212121212121212,3.2444444444444445,15.416666666666668,80.75257731958763,70,2.152641878669276,50.0,55.0,22.793606671299514,19.439778751487612,31.410256410256405,50.85003516174402,56.283018867924525,31.702544031311152,0.2222222222222222,3.1481481481481484,0.0,0.01323927281356142,0.5729783037475346,0.41921117980911193,0.025440313111545987,W
statsbomb,1,43,2,2018,81,10,799,False,63,4.0,3.6538461538461537,12.716763005780345,72.56880733944953,38,2.73972602739726,15.384615384615385,86.25,13.11377245508982,16.931862175764614,34.48412698412699,51.4159891598916,79.96774193548387,37.32876712328767,0.20634920634920634,2.634920634920635,0.031746031746031744,0.2028512758172592,0.5664335664335665,0.3827198748883961,-0.039383561643835614,L
statsbomb,1,43,2,2018,82,18,779,True,59,1.1037037037037036,0.8484848484848485,26.27118644067797,64.54961832061069,71,3.7383177570093453,0.0,63.75,16.049382716049383,12.425153542540578,38.22072072072072,50.6458742632613,43.578947368421055,30.2803738317757,0.2542372881355932,2.610169491525424,0.0847457627118644,0.0,0.575046904315197,0.41873795726643437,0.059813084112149535,L
statsbomb,1,43,2,2018,82,29,785,False,53,3.2023809523809526,3.081081081081081,15.979381443298967,81.28070175438596,30,6.282722513089005,8.333333333333332,77.25,12.462908011869436,22.269388561533187,24.302325581395348,46.571714142928535,54.35849056603774,39.52879581151832,0.16981132075471697,1.8867924528301887,0.0,0.021570430842402778,0.5788787483702738,0.3667886363341496,-0.08115183246073299,W
statsbomb,1,43,2,2018,83,19,771,True,74,2.2170542635658914,2.09375,18.237082066869302,77.2016806722689,126,4.3678160919540225,9.090909090909092,71.625,8.188976377952756,20.94999923958999,31.362179487179485,52.312178726769474,65.85135135135135,40.229885057471265,0.08108108108108109,1.2567567567567568,0.02702702702702703,0.0,0.4791666666666667,0.35237708366620746,-0.08505747126436781,W
statsbomb,1,43,2,2018,83,36,784,False,68,3.292307692307692,4.148148148148148,13.664596273291925,78.34146341463415,29,4.37956204379562,52.63157894736842,84.74999999999999,10.784313725490197,34.36073331742623,16.262626262626263,50.623359580052494,72.04615384615384,41.24087591240876,0.14705882352941177,1.9852941176470589,0.0,0.04606542194620117,0.5364891518737672,0.3559094032202357,0.10583941605839416,L
statsbomb,1,43,2,2018,84,1,776,True,47,3.5441176470588234,3.025,24.342105263157894,96.0990099009901,15,3.3472803347280333,30.0,75.0,20.190197512801756,23.98066013602985,28.10763888888889,52.08829902491874,68.97872340425532,29.707112970711297,0.1702127659574468,3.0851063829787235,0.0,0.0,0.5060386473429952,0.43340187282647036,-0.07531380753138076,D
statsbomb,1,43,2,2018,84,7,792,False,42,4.857142857142857,4.818181818181818,13.095238095238097,107.39795918367346,31,4.315196998123827,25.0,72.5,9.726848767488342,18.637960148598438,29.66666666666667,48.30462681526511,60.54761904761905,35.45966228893058,0.42857142857142855,2.9285714285714284,0.0,0.5548112866199711,0.6213675213675214,0.39184531642178366,0.08818011257035648,D
statsbomb,1,43,2,2018,85,8,781,True,66,1.681159420289855,1.6451612903225807,23.809523809523807,66.28,6,0.26666666666666666,42.857142857142854,74.375,14.499999999999998,16.489670429208473,38.93229166666667,55.421962095875145,31.0,30.266666666666666,0.36363636363636365,3.0606060606060606,0.0,0.0,0.5752508361204013,0.4230879963576807,0.07466666666666667,W
statsbomb,1,43,2,2018,85,31,795,False,58,8.72549019607843,9.954545454545455,13.513513513513514,72.63829787234043,13,12.244897959183673,25.0,66.75,14.973958333333334,24.286450494077616,20.734463276836156,45.02091377091377,84.91228070175438,33.33333333333333,0.08620689655172414,1.8275862068965518,0.0,0.0,0.44871794871794873,0.40993024912842657,-0.1598639455782313,L
statsbomb,1,43,2,2018,86,34,775,True,63,4.162790697674419,5.684210526315789,12.878787878787879,101.78625954198473,25,5.103969754253308,0.0,78.25000000000006,18.321678321678323,33.673693809677076,18.397435897435898,52.07112970711297,58.12698412698413,33.2703213610586,0.20634920634920634,2.2063492063492065,0.0,0.0,0.5806754221388368,0.40153902065340863,-0.08506616257088846,W
statsbomb,1,43,2,2018,86,35,793,False,53,2.0625,2.4468085106382977,14.736842105263156,105.32,108,8.55457227138643,0.0,60.5,8.807733619763695,31.75830610021786,22.062499999999996,53.82080610021786,49.32692307692308,41.5929203539823,0.3584905660377358,1.8113207547169812,0.0,0.5398240292019731,0.5447409733124019,0.37116409890051705,-0.10324483775811209,L
statsbomb,1,43,2,2018,87,6,773,False,61,2.2222222222222223,2.5405405405405403,23.12925170068027,70.62037037037037,24,3.429602888086643,50.0,76.375,12.796504369538079,21.901776658622744,25.586419753086417,47.48819641170916,52.442622950819676,30.505415162454874,0.21311475409836064,2.8360655737704916,0.0,0.03365470208531833,0.5703703703703704,0.4143781748303652,0.023465703971119134,W
statsbomb,1,43,2,2018,87,5,786,True,52,1.471698113207547,1.263157894736842,22.972972972972975,95.54285714285714,78,9.510086455331413,12.5,77.375,6.41925777331996,24.4394962253194,25.071428571428573,49.51092479674797,48.32692307692308,35.158501440922194,0.28846153846153844,1.8846153846153846,0.0,0.0,0.44074074074074077,0.39131252735387057,0.07204610951008646,L
statsbomb,1,43,2,2018,88,16,770,True,47,1.2941176470588236,0.9655172413793104,30.17751479289941,81.43434343434343,73,0.2785515320334262,42.857142857142854,67.875,10.956271023546373,20.66112746810387,38.53448275862069,59.19561022672456,41.170212765957444,30.919220055710305,0.851063829787234,3.872340425531915,0.0,0.0,0.6242118537200504,0.41157335861203814,0.020891364902506964,W
statsbomb,1,43,2,2018,88,38,790,False,34,7.758064516129032,10.366666666666667,12.371134020618557,124.27848101265823,21,11.538461538461538,0.0,71.25,12.046204620462046,32.83552349341823,15.900900900900902,48.73642439431913,69.3529411764706,38.46153846153847,0.4117647058823529,2.0,0.029411764705882353,0.0,0.49627791563275436,0.3810935138332504,-0.2264957264957265,L
statsbomb,1,43,2,2018,89,2,777,False,46,1.3061224489795917,1.3194444444444444,25.0,82.48979591836735,83,2.569593147751606,36.36363636363637,69.75,8.426966292134832,23.973294723294718,26.28571428571429,50.259009009009006,60.95652173913044,32.76231263383298,0.34782608695652173,2.5217391304347827,0.0,0.0,0.5637362637362637,0.3952311296901513,-0.029978586723768737,L
statsbomb,1,43,2,2018,89,22,782,True,66,2.7294117647058824,2.7916666666666665,24.375,65.07058823529412,29,3.578947368421052,41.66666666666667,70.75,16.533720087019578,21.56089030206677,25.882352941176475,47.443243243243245,47.84848484848485,30.526315789473685,0.15151515151515152,2.4545454545454546,0.13636363636363635,0.1468212165195426,0.47793190416141235,0.4345066849924464,-0.061052631578947365,W
statsbomb,1,43,2,2018,90,14,791,True,43,3.0,2.638888888888889,13.656387665198238,129.0842105263158,56,4.444444444444445,0.0,82.25,10.263653483992467,23.744570416019812,28.362068965517246,52.10663938153706,43.829268292682926,46.666666666666664,0.2558139534883721,1.8604651162790697,0.0,0.03281541433046618,0.46153846153846156,0.3420168003243542,-0.019444444444444445,L
statsbomb,1,43,2,2018,90,11,794,False,51,2.8095238095238093,3.5714285714285716,20.909090909090907,86.2289156626506,13,2.6262626262626263,0.0,69.375,13.082811412665274,21.131561008861617,29.861111111111114,50.99267211997273,88.15686274509804,32.72727272727273,0.13725490196078433,2.627450980392157,0.0,0.4172407321340967,0.532967032967033,0.4046869649501691,-0.10303030303030303,W
statsbomb,1,43,2,2018,91,13,768,True,35,3.393939393939394,3.4642857142857144,12.209302325581394,154.11666666666667,51,0.9884678747940692,33.33333333333333,70.5,23.342776203966007,22.719304675893355,27.787356321839077,50.50666099773243,71.70588235294117,23.72322899505766,0.11428571428571428,5.8,0.2,0.49458371947410146,0.6524475524475525,0.4630335614460249,-0.10873146622734761,W
statsbomb,1,43,2,2018,91,37,798,False,37,7.5,4.0,10.059171597633137,121.61428571428571,31,4.926108374384237,10.0,76.25000000000001,11.965065502183405,21.982643524699604,29.999999999999993,51.9826435246996,84.4054054054054,44.33497536945813,0.2972972972972973,2.675675675675676,0.0,0.0,0.5964497041420118,0.36282588943915184,0.20935960591133004,L
statsbomb,1,43,2,2018,92,40,769,False,89,2.2777777777777777,3.310344827586207,12.272727272727273,45.05925925925926,64,4.37956204379562,14.285714285714285,81.0,10.986964618249534,27.95506912442396,22.916666666666668,50.87173579109063,44.42696629213483,37.95620437956204,0.23595505617977527,1.4943820224719102,0.0,0.0044121743797940665,0.4994731296101159,0.38924628864981803,-0.1678832116788321,W
statsbomb,1,43,2,2018,92,17,789,True,64,2.482142857142857,2.5,23.26732673267327,75.192,39,2.9017857142857144,12.5,57.999999999999986,19.338422391857506,24.517448806646115,26.088709677419352,50.60615848406547,46.34920634920635,30.13392857142857,0.234375,2.453125,0.0,0.0,0.49282920469361147,0.4212899614618234,-0.13616071428571427,L
statsbomb,1,43,2,2018,93,3,778,True,52,2.9682539682539684,3.896551724137931,19.17808219178082,74.86666666666666,14,4.411764705882353,12.5,59.875,19.006982156710627,25.362683568425194,22.149122807017545,47.51180637544274,51.32692307692308,28.361344537815125,0.17307692307692307,2.9615384615384617,0.0,0.0,0.5462653288740246,0.4392980331769004,0.029411764705882353,D
statsbomb,1,43,2,2018,93,21,787,False,55,3.2131147540983607,2.8214285714285716,16.546762589928058,71.6890756302521,27,9.693877551020408,0.0,67.75,12.064090480678605,24.101322835762677,27.884615384615383,51.98593822037806,54.70909090909091,35.45918367346938,0.38181818181818183,2.036363636363636,0.03636363636363636,0.0,0.5286713286713287,0.39671920607830824,-0.22959183673469388,D
statsbomb,1,43,2,2018,94,15,780,False,56,1.537313432835821,1.5675675675675675,21.472392638036812,66.53333333333333,62,1.746031746031746,14.285714285714285,67.25000000000001,12.02804746494067,27.794664389067528,26.015625,53.81028938906753,73.73214285714286,33.96825396825397,0.30357142857142855,2.9642857142857144,0.0,0.5413029981491846,0.5476190476190477,0.40074492537852824,0.08412698412698413,D
statsbomb,1,43,2,2018,94,25,797,True,56,5.303030303030303,6.2592592592592595,15.602836879432624,72.64285714285714,19,11.715481171548117,8.333333333333332,65.12500000000001,10.828025477707007,13.993783696447096,33.26241134751774,47.25619504396484,98.19642857142857,28.870292887029287,0.14285714285714285,1.4821428571428572,0.0,0.5028218476682826,0.5024038461538461,0.4225848825241356,-0.08786610878661087,D
statsbomb,1,43,2,2018,95,24,783,True,43,3.4915254237288136,3.59375,17.80821917808219,110.7864077669903,17,3.6121673003802277,8.333333333333332,67.5,16.6446499339498,21.076404137998328,29.475308641975314,50.55171277997364,52.093023255813954,34.4106463878327,0.20930232558139536,3.511627906976744,0.0,0.07469484590576428,0.49052396878483834,0.39978777932324694,-0.0779467680608365,W
statsbomb,1,43,2,2018,95,33,796,False,38,3.046511627906977,2.6153846153846154,13.302752293577983,125.27956989247312,56,6.315789473684211,0.0,75.0,9.758551307847082,28.959686609686607,23.685185185185183,52.64487179487179,53.76315789473684,34.73684210526316,0.21052631578947367,2.5526315789473686,0.0,0.0,0.42735042735042733,0.39623041140198423,-0.04736842105263158,L
statsbomb,1,43,2,2018,96,39,774,False,48,6.6461538461538465,10.565217391304348,9.550561797752808,88.32967032967034,21,5.013192612137203,21.428571428571427,80.875,11.875589066918002,28.232819004162664,16.99652777777778,45.22934678194044,97.04255319148936,35.09234828496042,0.1875,2.2083333333333335,0.0,0.0,0.5162721893491125,0.3967706401889616,-0.07387862796833773,L
statsbomb,1,43,2,2018,96,10,799,True,59,1.3333333333333333,1.3653846153846154,23.232323232323232,64.61467889908256,54,1.0385756676557862,14.285714285714285,67.0,11.088810837932765,22.63232299498747,34.713541666666664,57.34586466165413,35.74576271186441,31.454005934718097,0.2542372881355932,2.6610169491525424,0.0,0.6533547681206728,0.5949275362318841,0.40510810336849623,-0.037091988130563795,W
statsbomb,1,43,2,2018,97,4,772,True,42,0.845360824742268,0.6206896551724138,37.142857142857146,95.4186046511628,31,0.5312084993359893,28.57142857142857,65.5,15.527950310559005,15.367736445416988,42.222222222222214,57.5899586676392,25.88095238095238,30.810092961487385,0.5476190476190477,4.857142857142857,0.0,0.0,0.5145631067961165,0.41367702493797265,0.13678618857901725,D
statsbomb,1,43,2,2018,97,28,788,False,47,9.471698113207546,11.0,6.741573033707865,98.51351351351352,49,6.374501992031872,5.263157894736842,64.75000000000001,8.948863636363637,20.717054263565892,20.65891472868217,41.37596899224806,154.17021276595744,33.86454183266932,0.06382978723404255,1.297872340425532,0.0,0.0,0.41114058355437666,0.39079818402302724,-0.1394422310756972,D
statsbomb,1,43,2,2018,98,29,785,False,44,2.3461538461538463,2.5,15.277777777777779,78.22448979591837,75,2.6168224299065423,20.0,83.875,14.502849905003167,33.30270804589463,17.89308176100629,51.195789806900926,73.88372093023256,35.88785046728972,0.22727272727272727,3.4545454545454546,0.0,0.07087237288659738,0.5688509021842355,0.3992496553617222,0.17943925233644858,W
statsbomb,1,43,2,2018,98,35,793,True,59,2.194915254237288,2.2884615384615383,21.120689655172413,90.77678571428571,58,6.042296072507553,25.0,69.5,14.861751152073733,31.08227401129944,23.020833333333336,54.103107344632775,71.63793103448276,31.1178247734139,0.2033898305084746,2.1186440677966103,0.0,0.3709754453143295,0.3887733887733888,0.41923350541682314,-0.13595166163141995,L
statsbomb,1,43,2,2018,99,36,784,False,53,4.483333333333333,8.647058823529411,6.5,70.95327102803738,36,6.0324825986078885,7.142857142857142,80.0,13.790186125211507,26.52295403977193,18.784722222222225,45.30767626199415,61.471698113207545,41.067285382830626,0.09433962264150944,1.8113207547169812,0.0,0.0,0.5893665158371041,0.3695487499694494,0.21809744779582366,W
statsbomb,1,43,2,2018,99,7,792,True,50,1.4051724137931034,1.0483870967741935,23.36065573770492,95.70408163265306,88,0.8695652173913043,75.0,60.75,11.153119092627598,14.599999999999994,36.48809523809524,51.088095238095235,48.16,33.91304347826087,0.32,2.58,0.0,0.043487670377063664,0.5503663003663004,0.38956640524127517,-0.09739130434782609,L
statsbomb,1,43,2,2018,100,19,771,False,59,3.1555555555555554,2.6923076923076925,23.076923076923077,60.89655172413793,13,1.7167381974248928,50.0,78.625,12.852822580645162,27.12282338308457,28.854166666666668,55.97699004975124,34.83050847457627,40.486409155937054,0.2542372881355932,2.711864406779661,0.0,0.0,0.5337995337995338,0.3482612268600994,-0.05293276108726753,D
statsbomb,1,43,2,2018,100,1,776,True,59,7.75,9.869565217391305,10.416666666666668,78.53846153846153,36,11.403508771929824,21.428571428571427,67.0,11.871657754010695,21.85781308063916,24.130434782608695,45.98824786324786,74.05084745762711,34.21052631578947,0.03389830508474576,1.8305084745762712,0.0,0.06126218573213956,0.42054263565891475,0.40702824482508615,-0.2134502923976608,D
statsbomb,1,43,2,2018,101,34,775,True,73,3.1714285714285713,3.7222222222222223,10.596026490066226,72.60330578512396,96,7.453416149068323,18.181818181818183,87.00000000000001,14.37980241492865,19.76114010437576,27.295597484276723,47.05673758865248,70.83561643835617,37.88819875776397,0.0821917808219178,1.2054794520547945,0.0273972602739726,0.6356382404264609,0.5008944543828264,0.37767794255373777,-0.021739130434782608,L
statsbomb,1,43,2,2018,101,18,779,False,65,1.5384615384615385,1.325,26.865671641791046,59.902255639097746,20,3.697478991596639,18.181818181818183,75.25,12.410501193317423,24.85969989552792,27.93981481481482,52.79951471034274,60.421875,34.11764705882353,0.15384615384615385,2.723076923076923,0.0,0.10797873309937142,0.5384615384615384,0.3923322882046658,0.02689075630252101,W
statsbomb,1,43,2,2018,102,8,781,False,55,5.215686274509804,10.0625,14.423076923076922,69.15833333333333,11,1.8376722817764166,42.857142857142854,70.37500000000001,16.424340333871836,29.413886394202194,21.161202185792355,50.57508857999455,49.236363636363635,28.94333843797856,0.21818181818181817,3.981818181818182,0.0,0.0,0.47893772893772896,0.438415281257053,0.11638591117917305,W
statsbomb,1,43,2,2018,102,5,786,True,68,1.6978021978021978,2.0923076923076924,16.847826086956523,63.72357723577236,149,4.921700223713646,0.0,56.25,15.137254901960784,32.50477877101254,23.63945578231293,56.14423455332547,60.470588235294116,27.516778523489933,0.3088235294117647,2.014705882352941,0.0,0.0,0.39351851851851855,0.4398056052546634,0.06263982102908278,L
statsbomb,1,43,2,2018,103,38,790,False,44,3.808219178082192,7.1,9.89010989010989,97.4,23,12.598425196850393,21.428571428571427,68.12500000000001,14.328808446455504,28.971667360244137,19.36728395061728,48.33895131086142,51.38636363636363,33.46456692913386,0.18181818181818182,2.2045454545454546,0.0,0.28359590690271724,0.40318302387267907,0.41846011660883997,-0.011811023622047244,W
statsbomb,1,43,2,2018,103,11,794,True,60,1.6935483870967742,1.3888888888888888,32.58426966292135,71.70247933884298,8,4.133858267716536,0.0,64.75000000000003,15.10840108401084,18.121179842248097,37.11538461538461,55.23656445763271,58.25423728813559,27.95275590551181,0.3333333333333333,2.6333333333333333,0.0,0.02460609871302264,0.5694305694305695,0.4259454515381019,-0.011811023622047244,L
statsbomb,1,43,2,2018,104,16,770,False,57,1.5081967213114753,1.4054054054054055,28.947368421052634,91.49549549549549,23,1.3623978201634876,57.14285714285714,71.625,9.541804440245631,21.949890822321763,36.4247311827957,58.374622005117466,34.1578947368421,32.42506811989101,0.45614035087719296,3.9649122807017543,0.0,0.0,0.5984354628422425,0.415847556632994,-0.01634877384196185,L
statsbomb,1,43,2,2018,104,14,791,True,52,4.875,7.7894736842105265,10.616438356164384,86.50602409638554,65,11.196911196911197,13.636363636363635,66.625,12.0617110799439,30.883023491719147,14.033816425120772,44.91683991683992,83.71153846153847,28.185328185328185,0.07692307692307693,1.6538461538461537,0.0,0.010712615012167363,0.5235042735042735,0.4293580954197307,-0.0888030888030888,W
statsbomb,1,43,2,2018,105,6,773,True,43,2.1690140845070425,1.975609756097561,22.093023255813954,128.2,37,2.689075630252101,42.10526315789473,60.750000000000014,17.79252110977081,16.55891685776758,27.034313725490197,43.59323058325778,62.116279069767444,27.39495798319328,0.3953488372093023,4.6976744186046515,0.0,0.0,0.6282051282051282,0.43760826932378516,-0.011764705882352941,D
statsbomb,1,43,2,2018,105,31,795,False,55,2.4615384615384617,2.870967741935484,21.1864406779661,80.78021978021978,6,4.972375690607735,16.666666666666664,74.25,12.851405622489958,26.56545729402872,23.48639455782313,50.05185185185185,56.09090909090909,35.635359116022094,0.14545454545454545,1.6545454545454545,0.0,0.4970775882316922,0.47157190635451507,0.38647614713350475,-0.016574585635359115,D
statsbomb,1,43,2,2018,106,2,777,False,43,1.3522727272727273,1.1794871794871795,23.12925170068027,103.16101694915254,29,1.8518518518518516,50.0,68.25000000000001,18.064516129032256,13.001986552567239,36.354166666666664,49.3561532192339,43.7906976744186,25.617283950617285,0.27906976744186046,4.348837209302325,0.06976744186046512,0.0,0.553921568627451,0.43818718392538925,-0.021604938271604937,W
statsbomb,1,43,2,2018,106,37,798,True,55,3.765432098765432,2.8666666666666667,21.176470588235293,90.46315789473684,24,8.934707903780069,16.666666666666664,83.125,13.659147869674184,26.590909090909086,20.833333333333336,47.42424242424242,70.05454545454545,35.39518900343643,0.07272727272727272,1.4,0.0,0.07553428108070288,0.5439560439560439,0.38011068076592425,-0.13058419243986255,L
statsbomb,1,43,2,2018,107,13,768,True,55,2.0776699029126213,1.471698113207547,30.87248322147651,73.5111111111111,15,3.11284046692607,27.27272727272727,69.25000000000003,10.77127659574468,17.461978996626403,29.652777777777782,47.114756774404185,47.654545454545456,37.35408560311284,0.2545454545454545,2.381818181818182,0.01818181818181818,0.06651869467508245,0.5045045045045045,0.3800745847143078,-0.16536964980544747,L
statsbomb,1,43,2,2018,107,22,782,False,52,1.6470588235294117,1.4375,23.228346456692915,120.816091954023,78,4.21792618629174,22.22222222222222,65.375,18.09015421115065,22.34518551236749,22.312500000000004,44.65768551236749,62.76923076923077,26.889279437609844,0.15384615384615385,3.673076923076923,0.0,0.0,0.4154929577464789,0.44367690583963193,-0.01757469244288225,W
statsbomb,1,43,2,2018,108,40,769,False,44,2.673469387755102,2.761904761904762,18.75,92.832,5,4.721030042918455,26.666666666666668,68.25,12.165450121654501,10.80260552496862,31.88725490196078,42.6898604269294,60.54545454545455,37.98283261802575,0.20454545454545456,2.6818181818181817,0.0,0.16915976153635445,0.5254437869822485,0.38994603846307685,-0.15665236051502146,W
statsbomb,1,43,2,2018,108,21,787,True,56,1.3391304347826087,1.7428571428571429,13.82488479262673,110.42056074766356,54,8.231707317073171,33.33333333333333,67.5,9.237875288683602,15.027594219737125,32.4468085106383,47.474402730375424,41.57142857142857,32.01219512195122,0.07142857142857142,1.375,0.017857142857142856,0.1310105074778084,0.5620094191522763,0.39069766000065365,-0.03353658536585366,L
statsbomb,1,43,2,2018,109,3,778,True,31,2.4936708860759493,3.8333333333333335,11.931818181818182,144.11428571428573,26,3.577512776831346,30.0,71.0,21.59090909090909,24.420563900429677,23.98148148148148,48.40204538191116,59.61290322580645,30.83475298126065,0.3548387096774194,4.258064516129032,0.0,0.0,0.5579133510167993,0.4104980294075977,0.12947189097103917,L
statsbomb,1,43,2,2018,109,17,789,False,42,3.4615384615384617,3.7142857142857144,10.526315789473683,88.14953271028037,24,3.2064128256513023,33.33333333333333,67.5,11.024734982332156,21.628707627118644,26.354166666666664,47.98287429378531,45.23809523809524,39.879759519038075,0.35714285714285715,2.5476190476190474,0.0,0.0,0.5288888888888889,0.35632920834367154,-0.05811623246492986,W
statsbomb,1,43,2,2018,110,4,772,False,35,1.7523809523809524,1.509090909090909,24.651162790697676,134.01282051282053,70,0.8974358974358974,0.0,67.5,14.361938639395285,18.62162162162162,34.375,52.99662162162162,62.885714285714286,35.51282051282051,0.3142857142857143,5.142857142857143,0.02857142857142857,0.034614549052735526,0.5596816976127321,0.3811339488856397,0.13205128205128205,D
statsbomb,1,43,2,2018,110,15,780,True,38,5.070588235294117,6.555555555555555,8.614232209737828,131.4470588235294,82,5.670103092783505,26.666666666666668,75.875,13.996316758747698,30.55327606103346,19.54545454545455,50.09873060648801,81.13513513513513,35.56701030927835,0.21052631578947367,2.9210526315789473,0.0,0.6129192123259466,0.5794871794871795,0.3938348275139757,0.21649484536082475,D
statsbomb,1,43,2,2018,111,28,788,True,46,1.1797752808988764,0.8103448275862069,30.201342281879196,88.4695652173913,31,3.048780487804878,25.0,64.375,19.21146953405018,15.40224126565591,34.83739837398374,50.23963963963965,65.84444444444445,29.065040650406505,0.2826086956521739,3.0869565217391304,0.021739130434782608,0.0,0.6610312764158918,0.42414488458513777,0.026422764227642278,L
statsbomb,1,43,2,2018,111,25,797,False,59,2.272727272727273,4.888888888888889,7.211538461538461,83.53488372093024,60,14.981273408239701,30.76923076923077,91.125,8.882521489971348,22.435786435786444,23.027777777777775,45.46356421356422,62.5,41.57303370786517,0.1016949152542373,1.152542372881356,0.01694915254237288,0.021561730294054695,0.5218295218295218,0.342129865853844,-0.033707865168539325,W
statsbomb,1,43,2,2018,112,39,774,True,57,4.7272727272727275,4.967741935483871,14.457831325301203,82.98529411764706,14,7.675906183368871,18.181818181818183,75.25000000000006,9.330143540669857,23.551781217532177,26.956521739130434,50.50830295666261,57.74545454545454,38.59275053304904,0.17543859649122806,2.263157894736842,0.0,0.0,0.5042735042735043,0.3919413790762527,0.14925373134328357,L
statsbomb,1,43,2,2018,112,24,783,False,82,3.323943661971831,4.193548387096774,23.52941176470588,50.5625,13,1.2841091492776886,60.0,62.125,20.0,16.403321678321674,35.483333333333334,51.88665501165501,45.951219512195124,27.287319422150887,0.15853658536585366,2.9390243902439024,0.0,0.019954825834667792,0.5384615384615384,0.4694090644608878,-0.13001605136436598,W
statsbomb,1,43,2,2018,113,15,780,False,63,2.23728813559322,2.2413793103448274,23.46938775510204,61.22608695652174,11,1.5177065767284992,55.55555555555556,76.25,10.047846889952153,32.113629563135845,28.958333333333332,61.071962896469174,26.38095238095238,38.785834738617204,0.5555555555555556,2.2222222222222223,0.0,0.06500423344549518,0.5402714932126697,0.3758391674589714,-0.021922428330522766,L
statsbomb,1,43,2,2018,113,24,783,True,57,5.45945945945946,8.4375,14.754098360655737,80.4298245614035,28,10.652920962199312,0.0,71.375,10.540184453227932,27.853346175799086,20.559895833333332,48.41324200913242,82.37037037037037,35.39518900343643,0.10526315789473684,1.8070175438596492,0.0,0.09223012941290407,0.5029585798816568,0.41161729927525403,-0.1718213058419244,W
statsbomb,1,43,2,2018,114,19,771,True,55,3.4166666666666665,4.387096774193548,8.896797153024911,73.6103896103896,99,4.285714285714286,40.0,57.5,15.451055662188098,24.029545811724034,21.388888888888886,45.41843470061292,93.16363636363636,23.714285714285715,0.10909090909090909,2.090909090909091,0.0,0.5739153210751164,0.5689404934687954,0.4695789937027304,-0.017142857142857144,W
statsbomb,1,43,2,2018,114,18,779,False,49,1.3762376237623761,1.0217391304347827,22.77777777777778,86.01980198019803,42,1.6822429906542056,40.0,57.5,13.997477931904163,10.432520964360592,43.09027777777778,53.52279874213837,42.93877551020408,35.32710280373832,0.2857142857142857,3.122448979591837,0.0,0.020895825652162085,0.5625,0.42379360583751136,-0.2261682242990654,L
statsbomb,1,43,2,2018,115,1,776,False,68,2.9555555555555557,6.7,11.042944785276074,110.52866242038216,18,8.950086058519794,27.77777777777778,76.25,17.073170731707318,22.6609778597786,26.374999999999996,49.0359778597786,52.529411764705884,29.43201376936317,0.27941176470588236,2.823529411764706,0.014705882352941176,0.8490473457419438,0.5324675324675324,0.43491928946480873,-0.21858864027538727,D
statsbomb,1,43,2,2018,115,29,785,True,69,3.0952380952380953,2.4634146341463414,20.108695652173914,80.43949044585987,25,4.2105263157894735,18.181818181818183,61.0,16.740331491712706,25.490487861811385,24.107142857142858,49.59763071895424,65.0,34.58646616541353,0.34782608695652173,2.9130434782608696,0.014492753623188406,0.7825653041773252,0.5494505494505495,0.3990022228936423,0.1699248120300752,D
statsbomb,1,43,2,2018,116,4,772,True,63,2.392857142857143,2.696969696969697,26.01626016260163,143.34265734265733,14,1.382886776145203,23.076923076923077,64.5,15.818516247700797,31.74600234387107,25.026041666666664,56.77204401053773,38.84126984126984,31.028522039757995,0.38095238095238093,5.555555555555555,0.0,0.7310673859242088,0.6123015873015873,0.4441315210230975,0.22039757994814174,D
statsbomb,1,43,2,2018,116,33,796,False,53,11.985507246376812,10.8,8.664259927797833,115.11382113821138,36,10.122699386503067,16.666666666666664,68.5,7.5829383886255926,29.3073585573932,20.253164556962027,49.56052311435523,99.71698113207547,50.920245398773,0.18867924528301888,1.2641509433962264,0.0,0.862804349633995,0.7018140589569161,0.3843932193737656,-0.4447852760736196,D
statsbomb,1,43,2,2018,117,8,781,True,44,2.1354166666666665,2.5,15.953307392996107,131.6021505376344,66,3.902439024390244,33.33333333333333,60.5,12.469635627530366,25.416472335941688,24.67391304347826,50.09038537941995,63.63636363636363,29.268292682926827,0.36363636363636365,3.340909090909091,0.045454545454545456,0.00540320656686024,0.4461538461538462,0.4276568822783283,-0.06829268292682927,W
statsbomb,1,43,2,2018,117,11,794,False,59,2.1538461538461537,3.2333333333333334,16.33986928104575,84.03191489361703,14,2.797202797202797,27.27272727272727,70.5,14.035087719298245,26.653688524590166,25.375,52.028688524590166,48.779661016949156,31.46853146853147,0.2711864406779661,1.9152542372881356,0.0,0.0,0.5612980769230769,0.4143094959318848,0.1585081585081585,L
statsbomb,1,43,2,2018,118,3,778,False,52,4.014084507042254,5.6,16.766467065868262,92.27368421052631,16,5.470459518599562,0.0,69.875,15.657788539144471,27.501401274687623,21.731770833333336,49.23317210802096,102.36538461538461,34.79212253829322,0.25,2.519230769230769,0.019230769230769232,0.008761773786268764,0.4267241379310345,0.39895106752036946,0.024070021881838075,L
statsbomb,1,43,2,2018,118,22,782,True,46,2.8684210526315788,2.097560975609756,26.42857142857143,100.99009900990099,17,3.3980582524271843,38.46153846153847,71.25,12.200684150513112,23.151400447178233,28.68279569892473,51.83419614610296,50.130434782608695,33.00970873786408,0.5652173913043478,4.0,0.0,0.0,0.46285140562248994,0.4078582851419337,0.07119741100323625,W
statsbomb,1,43,2,2018,119,13,768,False,54,3.141025641025641,2.119047619047619,22.36842105263158,146.05714285714285,11,4.628099173553719,20.0,69.75,15.346534653465346,17.207936507936516,29.444444444444443,46.65238095238096,42.111111111111114,26.28099173553719,0.24074074074074073,4.111111111111111,0.0,0.7790135696623973,0.5747126436781609,0.45083332194823145,0.09421487603305785,D
statsbomb,1,43,2,2018,119,40,769,True,71,2.8452380952380953,3.3076923076923075,17.894736842105264,88.63265306122449,30,5.755395683453238,0.0,74.875,14.490861618798956,26.110686114511086,22.2953216374269,48.406007751937985,66.71830985915493,34.172661870503596,0.16901408450704225,2.0704225352112675,0.0,0.8249712701965173,0.47867803837953093,0.3870640396210234,-0.039568345323741004,D
statsbomb,1,43,2,2018,120,6,773,False,57,2.0441176470588234,2.027027027027027,28.09917355371901,86.91379310344827,25,2.2764227642276422,33.33333333333333,70.0,10.607798165137615,27.496515372061225,24.267676767676768,51.76419213973799,35.69642857142857,32.35772357723577,0.5087719298245614,2.754385964912281,0.0,0.0,0.543859649122807,0.39465989370513255,0.06016260162601626,L
statsbomb,1,43,2,2018,120,38,790,True,53,3.2916666666666665,3.8095238095238093,13.47517730496454,76.67272727272727,83,7.894736842105263,15.384615384615385,67.75,6.8920676202860855,26.690689569330356,21.14102564102564,47.831715210355995,67.77358490566037,32.89473684210527,0.07547169811320754,1.4339622641509433,0.0,0.15890394624568122,0.44490644490644493,0.4035729285185965,-0.14144736842105263,W
statsbomb,1,43,2,2018,121,19,771,False,55,2.8115942028985508,3.4838709677419355,15.204678362573098,56.15833333333333,47,4.409171075837742,21.428571428571427,60.50000000000003,11.27633209417596,31.597776058405742,21.155913978494624,52.753690036900366,65.72727272727273,38.62433862433862,0.23636363636363636,2.690909090909091,0.0,0.060401687794513555,0.5576923076923077,0.38264365803763245,-0.11992945326278659,W
statsbomb,1,43,2,2018,121,24,783,True,75,3.9871794871794872,4.470588235294118,16.483516483516482,60.31506849315068,26,5.681818181818182,12.5,75.25000000000001,10.74561403508772,26.07319528329019,28.09210526315789,54.16530054644808,50.32432432432432,34.94318181818182,0.25333333333333335,1.36,0.0,0.0,0.5562130177514792,0.4085649442199242,-0.29829545454545453,L
statsbomb,1,43,2,2018,122,8,781,True,50,1.6526315789473685,1.608695652173913,23.809523809523807,105.1978021978022,30,0.37593984962406013,33.33333333333333,67.75000000000001,18.96774193548387,28.889064000960616,28.567708333333336,57.45677233429395,45.520833333333336,21.2406015037594,0.4,3.96,0.06,0.0,0.5653846153846154,0.4835059441307764,0.12781954887218044,L
statsbomb,1,43,2,2018,122,22,782,False,46,3.404494382022472,6.03030303030303,8.484848484848486,80.04938271604938,115,6.233766233766234,5.88235294117647,57.75,12.476370510396976,31.624970990949173,13.575268817204302,45.200239808153476,86.3913043478261,27.27272727272727,0.043478260869565216,3.1956521739130435,0.0,0.033577396841024496,0.40070921985815605,0.4452137857638373,0.06493506493506493,W
statsbomb,1,43,2,2018,123,13,768,False,56,2.1159420289855073,2.125,29.807692307692307,84.97222222222223,12,6.571936056838366,26.666666666666668,67.5,13.180327868852459,25.790865384615383,26.474358974358974,52.26522435897436,36.07142857142857,34.63587921847247,0.3392857142857143,2.9642857142857144,0.03571428571428571,0.0,0.5216962524654832,0.39111895172209155,-0.0674955595026643,W
statsbomb,1,43,2,2018,123,38,790,True,41,2.5925925925925926,3.8444444444444446,15.748031496062993,114.79661016949153,79,5.5,20.0,85.37500000000001,11.186770428015565,25.20657639930035,19.557291666666668,44.76386806596702,70.46341463414635,38.75,0.24390243902439024,2.8292682926829267,0.0,0.09802829028528712,0.5071225071225072,0.37246379561551735,-0.0675,L
statsbomb,1,43,2,2018,124,29,785,False,71,2.652173913043478,2.914285714285714,23.577235772357724,92.10989010989012,15,4.020752269779507,15.0,75.0,15.074411905904944,30.27487658414381,20.496794871794876,50.77167145593869,39.436619718309856,36.70557717250324,0.4225352112676056,3.3380281690140845,0.0,0.7120852467411147,0.5707792207792208,0.383864675056948,0.04409857328145266,D
statsbomb,1,43,2,2018,124,33,796,True,59,3.843137254901961,3.9574468085106385,19.900497512437813,136.09638554216866,26,9.112709832134293,7.142857142857142,72.75,9.56439393939394,26.61392242486514,22.676470588235293,49.290393013100434,42.389830508474574,37.410071942446045,0.23728813559322035,1.9830508474576272,0.0,0.785315788003316,0.5298701298701298,0.3843982944763201,-0.050359712230215826,D
statsbomb,1,43,2,2018,125,19,771,True,43,8.622222222222222,7.571428571428571,12.080536912751679,93.24358974358974,12,4.632152588555858,10.0,57.5,13.486513486513488,34.31921539230385,17.25,51.56921539230385,87.74418604651163,35.694822888283376,0.18604651162790697,2.2790697674418605,0.0,0.017178793113222124,0.4951923076923077,0.3862838937335591,-0.04087193460490463,W
statsbomb,1,43,2,2018,125,22,782,False,38,3.1785714285714284,3.3214285714285716,21.649484536082475,97.48863636363636,7,1.1235955056179776,55.55555555555556,61.25,19.572748267898383,29.587675325332924,24.913793103448278,54.5014684287812,61.078947368421055,27.929373996789725,0.42105263157894735,5.7105263157894735,0.0,0.0,0.6279239766081871,0.4564501540585798,-0.17335473515248795,L
statsbomb,1,43,2,2018,126,13,768,False,61,2.7401574803149606,3.245614035087719,15.644171779141105,99.70833333333333,107,8.379888268156424,21.73913043478261,66.25,12.553802008608322,25.66356421356421,21.341991341991342,47.00555555555555,52.950819672131146,30.726256983240223,0.19672131147540983,2.6721311475409837,0.0,0.1602466048163763,0.46258503401360546,0.41529791460137444,-0.05772811918063315,L
statsbomb,1,43,2,2018,126,29,785,True,61,1.9152542372881356,1.901639344262295,28.24858757062147,118.47619047619048,23,4.420731707317073,33.33333333333333,82.00000000000003,9.845449341728678,31.80327666913033,20.79268292682927,52.5959595959596,49.440677966101696,43.292682926829265,0.4426229508196721,2.2950819672131146,0.0,0.0,0.4832579185520362,0.3459838913912191,0.054878048780487805,W
statsbomb,1,43,2,2018,127,13,768,False,47,1.984732824427481,2.2666666666666666,21.16788321167883,84.26582278481013,109,0.8759124087591241,50.0,57.875,15.444770283479961,25.18078170815397,29.465811965811962,54.64659367396593,48.91304347826087,29.489051094890513,0.425531914893617,4.340425531914893,0.0,0.0,0.5446775446775447,0.433139849081257,-0.08321167883211679,L
statsbomb,1,43,2,2018,127,22,782,True,48,5.1125,6.205882352941177,12.355212355212355,98.56410256410257,73,3.807615230460922,50.0,62.0,11.440107671601615,31.048333333333336,19.791666666666668,50.84,59.770833333333336,31.863727454909817,0.1875,3.0416666666666665,0.0,0.0,0.47716346153846156,0.41601002802280884,-0.03206412825651302,W
statsbomb,1,43,2,2018,128,19,771,True,54,3.8333333333333335,4.724137931034483,17.197452229299362,86.58653846153847,21,10.616438356164384,21.428571428571427,85.0,13.989637305699482,20.371374260771603,24.32389937106919,44.69527363184079,70.16981132075472,40.75342465753425,0.07407407407407407,1.6296296296296295,0.0,0.7135937787839686,0.416289592760181,0.3738817199713177,-0.003424657534246575,W
statsbomb,1,43,2,2018,128,29,785,False,51,1.7272727272727273,1.025,38.144329896907216,110.869918699187,8,1.263537906137184,50.0,81.25,14.439220953660175,22.944334175387947,29.632352941176467,52.576687116564415,43.05882352941177,35.37906137184115,0.49019607843137253,2.843137254901961,0.0,0.0,0.617003367003367,0.399375057531682,-0.16787003610108303,L
